268,181,270,181,271,181,273,181,275,181,277,181,278,181,280,181,282,181,283,180,285,180,287,180,289,180,290,180,292,180,294,181,295,181,297,181,299,181,300,181,302,182,303,182,305,184,306,185,308,186,309,187,310,188,311,189,312,191,313,192,313,194,313,196,314,197,314,199,314,201,314,203,314,204,314,206,313,207,313,209,313,211,313,213,312,214,311,216,310,217,310,219,309,220,308,222,307,223,306,225,306,226,305,228,304,229,303,230,302,232,302,233,301,235,301,236,300,238,300,240,299,241,299,243,299,245,299,246,299,248,299,250,299,252,300,253,300,254,301,256,302,258,303,259,304,260,305,261,305,262,307,263,308,263,310,265,311,266,312,266,314,267,316,267,317,268,319,268,320,268,322,268,324,268,325,269,327,269,329,269,330,269,332,270,334,270,335,270,337,270,339,270,340,270,342,271,344,271,345,271,347,272,349,272,350,272,352,272,354,273,355,273,357,273,359,274,360,275,362,275,363,276,365,276,367,277,368,277,369,278,371,279,372,280,374,281,375,282,377,283,378,284,
270,181,272,181,273,181,275,181,277,181,278,181,280,180,282,180,283,180,285,180,286,181,288,181,290,181,291,181,293,182,294,182,296,182,298,182,300,182,301,182,303,183,304,184,305,185,306,186,308,188,309,189,310,190,311,192,312,193,312,195,313,196,313,198,314,199,314,201,314,203,314,205,314,206,314,208,313,209,313,211,312,213,312,214,311,216,311,217,310,219,309,220,309,222,308,223,307,225,306,226,305,228,304,229,303,230,303,232,302,233,302,235,301,236,301,238,301,240,300,241,300,242,300,244,300,246,300,248,300,249,300,251,301,252,301,254,301,255,302,257,303,258,304,260,305,261,306,261,307,263,308,264,309,265,310,266,312,266,313,266,315,266,316,267,318,268,320,268,321,268,323,268,324,269,326,269,328,269,329,270,331,270,333,270,334,270,336,270,338,270,340,270,341,270,343,271,344,271,346,272,347,272,349,272,351,272,352,273,354,273,356,273,357,274,359,274,360,275,362,275,363,276,365,276,366,276,368,278,369,279,370,280,372,281,373,282,374,283,376,284,377,285,
268,181,270,181,271,181,273,181,275,181,277,181,278,181,280,181,282,181,283,181,285,181,287,181,288,181,290,181,292,181,294,181,295,181,297,182,299,182,300,182,302,183,303,183,305,184,306,185,307,187,308,188,310,189,311,190,311,192,312,193,313,195,313,196,314,198,314,200,314,201,314,203,314,205,314,207,313,208,313,210,313,211,312,213,312,215,311,216,310,217,309,219,309,221,308,222,307,223,306,225,305,226,305,228,304,229,303,230,303,232,302,233,301,235,301,236,300,238,300,239,299,241,299,242,299,244,299,246,299,248,299,249,299,251,299,252,300,254,300,255,302,257,302,258,303,260,304,260,305,262,306,263,307,264,308,265,310,265,311,266,313,266,314,267,316,267,317,268,319,268,320,268,322,269,323,269,325,269,327,269,329,269,330,270,332,270,333,270,335,270,337,270,338,270,340,270,342,271,343,271,345,272,346,272,348,272,350,272,351,273,353,273,355,273,356,273,358,274,359,274,361,275,363,275,364,276,366,277,367,278,368,279,370,280,371,281,372,282,374,283,375,284,
269,182,271,182,272,182,274,181,276,181,277,181,279,181,281,181,282,181,284,181,286,181,288,181,289,181,291,181,293,181,294,182,296,182,297,182,299,182,301,183,302,183,304,184,305,185,307,186,308,187,309,188,310,189,311,191,312,192,312,194,313,195,313,197,314,199,314,200,314,202,314,204,314,205,314,207,313,209,313,210,313,212,313,214,312,215,311,217,310,218,309,220,309,221,308,222,307,224,306,225,306,227,305,228,304,229,302,231,302,232,302,234,301,235,300,237,300,238,300,240,299,241,299,243,299,245,299,246,299,248,299,250,299,251,300,253,300,254,301,256,301,257,302,258,303,260,304,260,305,261,306,262,308,264,309,265,310,265,311,266,313,266,314,266,316,267,317,268,319,268,320,268,322,269,324,269,325,269,327,269,329,269,330,270,332,270,334,270,335,270,337,270,339,270,340,271,342,271,343,271,345,271,347,272,348,272,350,272,351,272,353,273,355,273,356,274,358,274,359,275,361,275,363,275,364,276,365,277,367,278,368,278,370,279,371,280,373,281,374,281,376,282,
266,181,268,181,269,181,271,181,273,181,275,181,276,180,278,180,279,180,281,180,282,181,284,181,286,181,287,181,289,181,291,181,292,182,294,182,296,182,297,183,299,183,301,183,302,183,304,184,305,185,306,186,307,187,309,189,310,190,311,191,311,193,312,195,312,196,313,198,313,199,314,201,314,203,314,204,314,206,313,208,313,209,313,211,312,213,311,214,311,216,311,217,310,219,309,220,308,222,307,223,306,224,305,226,305,227,304,229,303,230,302,231,302,233,302,235,301,236,300,238,300,239,300,241,299,242,299,244,299,246,299,247,299,249,299,251,300,252,300,254,300,255,301,257,302,258,303,259,304,260,305,262,306,262,307,263,309,264,310,265,312,266,313,266,315,266,316,267,318,268,319,268,321,269,323,269,324,269,326,269,328,269,329,269,331,270,333,270,334,270,336,270,338,270,339,271,341,271,343,271,344,272,346,272,347,272,349,272,351,272,353,272,354,273,356,273,357,274,359,274,360,275,362,275,363,275,365,276,366,277,368,278,369,278,371,279,372,280,374,281,375,282,
267,179,269,179,270,180,272,180,274,181,275,181,277,181,279,181,280,181,282,181,284,181,285,181,287,181,289,181,290,181,292,182,294,182,295,182,297,182,298,183,300,183,302,184,303,185,305,185,306,186,307,187,309,188,310,189,310,191,311,193,312,194,313,195,313,197,314,199,314,200,314,202,314,204,314,205,313,207,313,208,313,210,313,212,312,213,312,215,311,216,310,218,309,219,308,221,308,222,307,224,307,225,305,227,305,228,304,230,303,231,302,232,302,234,301,235,301,237,300,238,300,240,300,242,300,243,300,245,300,247,300,248,300,250,300,252,301,253,301,255,302,256,302,257,303,259,304,260,305,260,306,261,308,263,309,263,310,264,311,265,313,265,314,266,315,267,317,267,319,267,320,267,322,268,323,268,325,269,327,269,328,269,330,269,331,270,333,270,335,270,336,270,338,270,340,271,341,271,343,271,344,272,346,272,348,272,349,272,351,272,353,272,354,273,356,273,357,274,359,274,360,274,362,275,364,275,365,276,366,277,368,277,369,278,371,279,372,280,374,281,375,282,
267,180,269,180,270,180,272,180,274,180,275,180,277,180,279,180,280,180,282,181,284,181,285,181,287,181,289,181,290,182,292,182,293,182,295,182,297,182,298,183,300,183,302,183,303,184,304,185,305,186,307,187,308,188,309,189,310,191,311,192,311,194,312,195,313,197,314,198,314,200,314,202,314,203,314,205,313,207,313,208,313,210,313,212,313,213,312,215,311,216,311,218,310,219,309,221,308,222,307,224,306,225,305,226,304,228,304,229,303,230,303,232,302,233,301,235,301,236,300,238,300,239,300,241,300,243,300,244,300,246,300,248,300,249,300,251,301,252,301,254,302,255,303,257,304,258,304,259,306,260,307,261,308,263,309,263,310,264,312,265,312,266,314,266,316,266,317,267,319,267,320,268,322,268,323,269,325,269,326,269,328,269,330,269,331,270,333,270,335,270,336,270,338,271,339,271,341,271,342,271,344,272,346,272,347,272,349,272,351,272,352,272,354,273,355,273,357,274,358,274,360,274,362,275,363,275,365,276,366,276,367,277,369,278,370,279,372,279,373,280,375,281,
270,183,272,183,273,182,275,182,276,181,278,181,280,181,281,181,283,181,284,181,286,181,288,181,289,181,291,181,293,181,294,182,296,182,297,182,299,182,300,183,302,184,303,184,305,185,306,186,307,187,308,188,309,189,310,191,311,192,312,194,313,195,313,197,314,198,314,200,314,201,314,203,314,205,313,206,313,208,313,209,313,211,312,212,312,214,311,216,310,217,310,219,309,220,309,222,308,223,307,224,306,225,305,227,304,228,304,230,303,231,302,232,301,234,301,235,301,237,300,238,300,239,299,241,299,243,299,244,299,246,299,247,300,249,300,251,300,252,301,254,301,255,301,257,302,257,303,258,304,259,305,260,306,262,307,263,308,264,309,264,311,265,312,266,314,266,315,266,317,267,318,267,320,268,321,268,323,269,324,269,326,269,328,269,329,269,331,270,332,270,334,270,336,270,337,270,339,271,340,271,342,271,343,272,345,272,347,272,348,272,350,272,351,272,353,273,354,273,356,273,358,274,359,274,361,274,362,275,364,275,365,276,367,276,368,277,370,277,371,278,373,278,
264,179,266,179,267,180,269,180,271,180,272,181,274,181,275,180,277,180,279,180,280,180,282,180,284,180,286,180,287,181,289,181,290,181,292,181,294,181,295,182,297,182,299,182,300,183,302,184,303,185,304,185,306,186,307,187,308,188,310,190,310,191,311,192,312,194,313,196,313,197,314,199,314,200,314,202,314,204,314,205,313,207,313,209,313,210,313,212,312,214,312,215,311,217,310,218,310,220,309,221,308,223,307,224,306,226,305,227,305,228,303,230,303,231,302,233,302,234,301,236,300,237,300,238,300,240,300,242,300,243,300,245,300,247,300,248,300,250,300,252,300,253,301,255,302,256,303,258,304,259,305,260,306,261,307,262,309,263,310,264,311,265,313,265,314,266,316,266,317,267,319,267,320,268,322,268,324,268,325,269,327,269,328,269,330,270,332,270,333,270,335,270,337,270,338,271,340,271,342,271,343,271,345,272,346,272,348,272,350,272,351,272,353,272,354,273,356,273,357,274,359,274,361,274,362,274,364,275,365,276,367,277,369,277,370,278,372,278,373,279,375,279,
263,177,265,177,266,178,268,178,270,179,271,179,273,179,274,180,276,180,277,180,279,180,281,180,283,180,284,180,285,181,287,181,289,181,290,181,292,181,294,181,295,182,297,182,299,183,300,183,302,183,303,184,304,185,306,186,307,187,308,188,309,190,310,191,311,193,311,194,312,196,313,197,313,199,314,200,314,202,314,204,314,205,314,207,313,209,313,210,313,212,312,214,311,215,311,217,310,218,309,220,308,221,307,222,307,224,307,225,305,227,304,228,304,229,303,231,302,232,302,234,301,235,301,237,300,238,300,240,300,242,300,243,300,245,300,247,300,248,300,250,301,251,301,253,301,255,302,255,303,257,304,258,304,259,306,261,307,262,308,263,309,264,311,265,312,266,314,266,315,266,317,267,318,267,320,267,321,268,323,269,325,269,326,269,328,269,330,269,331,269,333,270,334,270,336,271,337,271,339,271,341,271,342,271,344,271,346,272,347,272,349,272,351,272,352,273,354,273,355,273,357,273,359,274,360,274,362,274,363,275,365,275,367,276,368,276,370,277,371,277,373,278,
264,179,266,179,267,179,269,180,271,180,272,180,274,180,276,180,278,180,279,180,281,180,283,180,284,180,286,181,287,181,289,181,291,181,293,181,294,181,296,181,298,181,299,181,301,182,302,183,304,184,305,185,307,186,308,187,309,188,310,189,311,191,312,192,312,194,313,195,313,197,314,199,314,200,314,202,314,204,314,205,314,207,313,209,313,210,313,212,312,213,311,215,311,217,310,218,309,219,309,221,308,223,307,224,306,225,305,226,305,228,304,229,304,231,303,232,302,234,301,235,301,237,300,238,300,240,299,242,299,243,299,245,299,246,299,248,299,250,300,251,300,253,300,254,302,256,302,257,303,258,304,260,305,261,306,261,308,262,309,263,311,265,312,265,313,266,314,266,316,266,317,267,319,268,321,268,322,269,324,269,325,269,327,269,329,269,330,270,332,270,334,270,335,270,337,270,338,271,340,271,342,271,343,271,345,272,347,272,348,272,350,272,352,272,353,273,355,273,356,274,358,274,360,274,361,274,363,274,364,275,366,276,367,276,369,277,371,277,372,278,374,278,
261,175,263,176,264,176,266,177,267,177,269,178,271,178,272,178,274,178,275,179,277,179,279,179,280,180,282,180,284,180,285,180,287,181,288,181,290,181,292,181,294,181,295,181,297,182,298,182,300,183,301,184,303,184,304,185,306,186,307,187,308,188,309,190,310,191,311,193,311,194,312,196,313,198,313,199,313,201,313,203,313,204,313,206,313,208,313,209,313,211,312,213,311,214,311,216,311,217,310,219,309,221,308,222,308,223,307,225,306,226,305,228,304,229,303,231,303,232,302,234,302,235,301,237,301,238,301,240,300,241,300,243,300,245,300,246,300,248,300,250,300,251,301,253,301,254,303,256,303,257,304,258,305,259,306,261,307,262,308,263,309,263,311,264,312,265,313,266,315,266,316,267,318,268,320,268,321,268,323,269,324,269,326,269,328,269,330,269,331,270,333,270,334,271,336,271,338,271,339,271,341,271,343,271,344,272,346,272,348,272,349,272,351,272,352,272,354,273,356,273,357,273,359,274,360,274,362,274,364,275,365,276,367,276,368,277,370,278,371,278,373,279,
260,172,261,173,263,174,264,175,266,176,267,177,269,177,270,178,272,179,273,179,275,179,277,179,278,179,280,179,281,180,283,180,285,180,286,181,288,181,290,181,291,181,293,181,295,181,296,181,298,182,300,183,301,183,303,184,304,185,306,186,307,187,308,188,309,189,311,191,311,192,312,194,313,195,313,197,313,198,314,200,314,202,314,204,314,205,314,207,313,208,313,210,313,212,313,214,312,215,311,217,310,218,309,219,309,221,308,222,307,224,307,225,306,226,305,228,304,229,303,231,303,232,302,234,302,235,301,237,301,239,301,240,300,242,300,244,300,245,300,247,300,249,300,250,301,252,301,253,301,255,302,256,303,258,304,259,305,260,306,261,308,263,309,263,310,264,311,265,313,266,314,266,316,267,317,267,319,268,320,268,322,269,323,269,325,269,327,269,328,269,330,269,332,270,333,271,335,271,336,271,338,271,340,271,342,271,343,271,345,271,346,272,348,272,350,272,351,272,353,273,355,273,356,273,358,273,360,273,361,274,363,274,365,275,366,275,368,276,369,276,371,277,
259,173,261,174,262,175,264,175,265,176,267,177,268,178,270,178,271,178,273,179,274,179,276,179,278,179,279,180,281,180,283,180,284,180,286,181,288,181,289,181,291,181,293,181,294,182,296,182,298,182,299,182,301,183,303,184,304,185,305,186,307,187,308,188,309,189,310,191,311,192,312,193,313,195,313,197,313,198,313,200,313,202,313,204,313,205,313,207,313,209,313,210,313,212,312,214,311,215,310,217,310,218,310,220,309,221,308,223,307,224,306,226,305,227,304,229,303,230,303,232,302,233,301,234,301,236,300,238,300,239,300,241,300,242,299,244,299,246,299,247,300,249,300,250,301,252,301,254,301,255,302,257,303,258,304,259,304,260,306,261,307,262,308,263,310,264,311,265,312,266,314,266,316,267,317,267,319,268,320,268,322,269,323,269,325,269,327,269,328,270,330,270,332,270,333,270,335,271,337,271,338,271,340,271,342,271,343,271,345,271,346,272,348,272,350,272,352,272,353,273,355,273,357,273,358,273,360,273,361,274,363,275,365,275,366,276,368,277,369,277,371,278,
258,173,260,174,261,175,263,175,264,176,266,177,267,177,269,178,270,178,272,179,273,179,275,179,277,179,278,179,280,180,281,180,283,180,285,180,286,181,288,181,290,181,291,181,293,181,295,181,296,182,298,182,300,182,301,183,303,184,304,184,305,185,307,187,308,188,309,189,310,190,310,192,311,193,312,195,312,197,313,198,313,200,313,202,313,203,313,205,313,207,313,208,313,210,313,212,313,213,312,215,311,216,310,218,309,219,309,221,308,222,307,223,306,225,306,227,305,228,304,229,304,231,303,232,302,234,302,235,301,237,301,238,301,240,301,242,301,243,300,245,300,246,300,248,301,250,301,251,301,253,302,254,302,256,303,257,304,258,305,259,306,261,307,262,308,263,309,263,310,265,311,266,313,266,314,266,316,267,317,267,319,268,321,268,322,268,324,269,325,269,327,269,329,270,330,270,332,270,333,271,335,271,337,271,338,271,340,271,342,271,343,271,345,271,347,271,348,272,350,272,352,272,353,272,355,272,357,272,358,273,360,273,361,273,363,274,365,274,366,275,368,275,
257,171,258,172,260,173,261,174,263,175,264,176,266,176,267,177,269,177,270,178,272,178,273,179,275,179,277,179,278,179,280,180,282,180,283,180,285,180,287,180,288,181,290,181,292,181,293,181,295,181,296,182,298,182,300,182,301,183,303,184,304,184,306,186,307,187,308,188,309,189,310,190,311,192,311,194,312,195,313,197,313,198,313,200,313,202,313,203,313,205,313,207,313,208,313,210,313,212,313,214,312,215,311,217,310,218,310,220,309,221,308,223,307,224,306,225,305,227,304,228,304,230,303,231,302,233,302,234,302,236,301,237,301,238,300,240,300,241,300,243,300,245,300,246,300,248,301,250,301,251,301,252,302,254,302,256,303,257,304,258,305,260,306,261,307,261,308,263,309,264,311,265,312,266,313,266,315,267,316,267,318,268,319,268,321,268,323,269,324,269,326,270,327,270,329,270,331,270,332,270,334,270,336,270,337,270,339,270,341,271,342,271,344,271,346,271,347,271,349,271,351,271,352,272,354,272,355,271,357,271,359,271,360,271,362,272,364,272,365,272,367,272,
256,172,258,173,259,173,261,174,262,175,264,175,265,176,267,176,269,177,270,177,271,178,273,178,274,179,276,179,278,179,279,179,281,180,283,180,284,180,286,180,288,180,289,181,291,181,293,181,294,181,296,182,297,183,299,183,301,183,302,184,304,185,305,186,306,187,307,188,308,189,309,191,310,192,311,194,312,195,313,197,313,198,313,200,313,202,313,203,313,205,313,207,313,208,313,210,313,212,312,213,311,215,311,216,310,218,309,219,309,221,308,223,308,224,307,225,306,227,305,228,304,230,304,231,303,233,302,234,301,235,301,237,301,239,301,240,300,242,300,243,300,245,300,247,300,248,300,250,301,251,301,253,302,254,302,256,303,257,304,259,305,259,306,261,307,262,308,263,310,264,311,265,312,266,314,266,315,266,317,267,318,268,320,268,322,269,323,269,325,269,326,269,328,269,330,270,331,270,333,270,335,270,336,270,338,270,340,270,341,271,343,271,345,271,346,271,348,271,350,271,351,271,353,272,355,272,356,272,358,272,360,273,361,273,363,273,365,273,366,274,368,274,
256,171,258,172,259,173,261,173,262,174,264,175,265,176,267,176,268,177,269,178,270,178,272,178,274,178,275,179,277,179,279,179,280,180,281,180,283,180,285,180,287,180,288,181,290,181,291,181,293,181,295,181,296,182,298,183,299,183,301,184,302,184,304,185,305,186,307,187,308,188,309,189,310,191,310,192,311,194,312,195,312,197,313,199,313,200,313,202,313,204,313,205,313,207,313,209,313,210,313,212,312,213,311,215,311,217,310,218,309,220,309,221,308,223,307,224,306,225,306,227,305,229,304,230,304,231,303,233,302,234,302,236,302,237,301,239,300,240,300,242,300,244,300,245,300,247,301,249,301,250,301,252,301,254,302,254,303,256,303,257,304,258,305,260,306,261,307,262,309,263,310,264,311,265,312,266,314,266,315,267,317,267,318,268,320,268,322,269,323,269,325,269,327,269,328,270,330,270,331,270,333,270,335,270,336,270,338,270,340,271,341,271,343,271,345,271,346,271,348,271,350,271,351,271,353,272,354,272,356,272,358,272,359,273,361,273,363,273,364,274,366,274,
256,170,257,171,259,172,260,173,262,173,263,174,265,175,266,176,268,177,269,178,270,178,272,178,274,178,275,179,277,179,278,179,280,180,282,180,283,180,285,180,287,180,288,180,290,181,292,181,293,181,295,181,297,182,298,182,300,183,301,183,303,184,304,184,306,186,307,187,308,188,309,189,310,190,311,192,312,193,313,195,313,197,313,198,313,200,313,202,313,203,313,205,313,207,313,208,313,210,312,212,312,213,312,215,311,216,311,218,310,220,309,221,308,222,307,224,306,225,305,227,305,228,305,229,303,231,302,232,302,234,302,235,302,237,301,238,301,240,300,242,300,243,300,245,300,247,301,248,301,250,301,251,301,253,302,254,302,255,303,257,304,258,305,260,306,260,307,261,308,263,309,264,311,265,312,266,313,267,315,267,316,267,318,268,319,268,321,268,323,269,324,269,326,269,328,269,329,269,331,270,332,270,334,270,336,270,337,270,339,270,341,270,343,270,344,270,346,270,347,271,349,271,351,271,352,271,354,271,356,271,358,271,359,271,361,272,363,272,364,272,366,272,
255,170,257,171,258,172,260,172,261,173,263,174,264,175,266,175,267,176,269,177,270,177,271,178,273,178,275,179,276,179,278,179,279,179,281,180,282,180,284,180,286,180,287,180,289,181,291,181,292,181,294,182,295,182,297,182,299,182,300,183,302,184,303,184,305,186,306,187,307,188,308,189,309,190,310,192,311,193,312,194,312,196,313,198,313,199,313,201,313,203,313,204,313,206,313,208,313,209,313,211,312,213,312,214,312,216,311,217,310,219,309,220,308,222,308,223,307,225,306,226,305,228,304,229,303,231,303,232,303,233,302,235,302,237,301,238,301,240,300,241,300,243,300,244,300,246,300,248,300,249,300,251,301,253,301,254,302,256,303,257,304,258,305,259,306,261,307,262,308,263,310,264,311,265,311,266,313,266,315,267,316,267,318,268,319,268,321,268,322,268,324,269,326,269,327,269,329,269,331,269,332,270,334,270,335,270,337,270,339,270,340,270,342,270,344,270,345,270,347,270,349,271,350,270,352,270,353,271,355,271,357,271,358,271,360,271,362,271,363,271,365,271,
255,169,256,170,258,171,259,172,261,173,262,174,264,174,265,175,267,176,268,176,270,177,271,178,272,178,274,179,276,179,277,179,279,179,280,180,282,180,284,180,285,180,287,180,289,181,290,181,292,181,294,181,295,182,297,182,298,182,300,183,301,184,303,184,305,185,306,186,307,187,308,189,309,190,310,191,311,193,312,194,312,196,312,197,313,199,313,201,313,202,313,204,313,206,313,207,313,209,313,211,313,212,312,214,311,216,310,217,310,219,309,220,308,222,307,223,307,225,306,226,305,227,304,229,304,231,303,232,303,234,302,235,301,237,301,238,301,240,300,241,300,243,300,245,300,246,300,248,300,250,300,251,301,253,302,254,302,256,303,256,304,258,304,259,306,261,306,262,307,263,308,264,310,265,311,265,313,266,314,267,315,268,317,268,319,268,320,269,322,269,323,269,325,270,326,270,328,270,330,270,331,270,333,271,335,271,336,271,338,271,340,271,341,271,343,271,345,271,347,271,348,271,350,271,352,271,353,272,355,272,357,272,358,272,360,272,362,272,363,272,365,272,
255,168,256,169,258,170,259,171,260,172,261,174,263,174,265,175,266,176,267,176,269,177,270,178,272,178,273,178,274,179,276,179,278,179,279,179,281,179,283,179,284,180,286,180,288,180,289,180,291,181,292,182,294,182,296,182,297,182,299,182,300,183,302,184,303,185,305,186,306,187,307,188,308,189,310,191,311,192,311,193,312,195,313,197,313,198,313,200,313,202,313,203,313,205,313,207,313,208,313,210,313,212,312,213,312,215,311,216,310,218,309,220,309,221,309,223,308,224,307,226,306,227,305,229,304,230,303,231,303,233,302,235,302,236,301,237,301,239,301,241,301,242,300,244,300,246,300,247,300,249,301,251,301,252,301,254,302,255,303,256,304,258,304,259,305,260,307,262,308,263,309,264,311,265,312,266,313,267,315,267,317,267,318,268,319,269,321,269,323,269,324,269,326,270,327,270,329,270,331,270,333,270,334,270,336,270,338,270,339,271,341,271,343,271,344,271,346,271,348,271,349,271,351,271,353,272,354,272,356,272,358,273,359,273,361,273,363,273,364,274,366,274,
254,165,255,166,256,167,258,169,259,170,260,171,261,172,263,173,264,174,265,175,267,176,268,176,270,177,271,177,273,178,274,179,276,179,277,179,279,179,281,179,282,180,284,180,286,180,287,180,289,180,290,181,292,181,294,182,295,182,297,182,299,182,300,183,302,183,303,184,304,185,306,187,307,188,308,189,309,190,310,191,311,193,312,194,313,196,313,198,313,199,313,201,313,203,313,204,313,206,313,208,313,209,312,211,312,213,312,214,311,216,310,217,310,219,309,220,309,222,308,224,307,225,307,226,306,228,305,229,304,231,303,232,303,234,303,235,302,237,302,239,302,240,302,242,302,244,302,245,302,247,302,249,302,250,303,252,303,254,304,255,304,257,305,257,306,259,307,260,308,261,309,262,311,264,311,265,313,265,314,266,316,267,317,267,319,268,320,268,322,269,323,270,325,270,326,270,328,270,330,270,332,270,333,270,335,270,337,270,338,271,340,271,341,271,343,271,345,271,347,271,348,271,350,271,352,271,353,272,355,272,357,272,358,272,360,272,362,272,363,272,365,272,
254,166,255,167,256,168,258,170,259,171,260,172,261,173,263,173,264,174,266,175,267,176,269,177,270,177,271,178,273,179,274,179,276,179,278,179,279,179,281,179,283,179,284,180,286,180,288,180,289,181,291,181,292,181,294,181,296,181,297,182,299,182,300,183,302,184,303,184,305,186,306,187,307,188,308,189,309,191,309,192,311,194,312,195,312,196,313,198,313,199,313,201,313,203,313,204,313,206,313,208,313,209,313,211,313,213,312,214,312,216,311,217,310,219,309,220,309,222,308,223,307,225,306,226,306,228,305,229,304,230,304,232,303,233,303,235,303,237,302,238,302,240,302,241,302,243,302,245,302,246,302,248,302,250,302,251,302,253,303,254,304,256,304,257,305,258,306,260,307,260,308,262,309,263,310,263,312,265,313,266,314,267,316,267,317,267,319,267,321,268,322,269,324,269,325,269,326,270,328,270,330,270,332,270,333,270,335,270,336,270,338,271,339,271,341,271,343,270,344,270,346,270,347,270,349,270,351,270,352,271,354,271,355,271,357,270,359,270,360,270,362,270,
253,164,254,165,255,167,256,168,257,169,259,170,260,171,261,172,263,174,264,174,265,175,267,176,268,176,270,177,271,177,273,178,274,179,276,179,277,179,279,179,281,179,282,179,284,180,286,180,287,180,289,180,291,181,292,181,294,181,295,182,297,183,299,183,300,184,302,184,303,185,305,186,306,187,307,188,308,189,309,191,310,192,311,194,311,195,312,197,313,198,313,200,313,202,313,204,313,205,313,207,313,209,313,210,313,212,312,214,311,215,311,217,310,218,310,220,310,221,309,223,308,224,307,226,306,227,305,228,305,230,304,231,304,233,303,234,303,236,302,237,302,239,301,241,301,242,301,244,301,246,301,247,301,249,302,251,302,252,302,254,303,254,303,256,304,257,305,259,306,260,307,261,308,263,309,263,310,264,312,265,313,266,315,267,316,268,318,268,319,268,320,269,322,269,324,269,325,270,327,270,329,270,330,271,332,271,334,271,335,271,337,271,339,271,340,271,342,271,344,271,345,271,347,271,349,270,350,270,352,270,354,270,355,270,357,271,359,271,360,271,362,271,
253,163,254,164,255,166,256,167,257,169,258,170,259,171,261,172,262,173,264,174,265,175,266,175,267,176,269,177,270,177,272,178,274,178,275,178,277,178,278,179,280,179,282,179,283,179,285,180,286,180,288,180,290,180,291,181,293,181,294,182,296,182,298,182,299,182,301,183,302,184,304,185,305,186,306,187,307,188,309,190,310,191,310,192,311,194,312,195,312,197,313,199,313,200,314,202,314,203,314,205,314,207,313,208,313,210,313,212,312,213,312,215,312,217,311,218,310,220,309,221,309,223,308,224,307,226,306,227,305,228,304,230,304,231,304,233,303,235,302,236,302,237,301,239,301,240,301,242,301,244,301,246,301,247,301,249,301,250,302,252,303,253,303,255,304,256,305,257,306,259,307,260,308,262,308,263,310,264,311,265,312,265,314,266,315,267,316,267,318,268,320,268,321,269,323,269,324,270,326,270,328,270,329,271,330,271,332,271,334,271,336,271,337,271,339,271,341,271,342,271,344,271,346,271,347,271,349,271,351,271,353,271,354,271,356,271,358,271,359,271,361,271,
253,164,254,165,255,166,257,168,258,169,259,170,260,171,262,172,263,173,264,174,265,175,267,176,268,176,269,177,271,178,272,178,274,178,276,178,277,178,279,179,280,179,282,179,283,180,285,180,287,180,288,180,290,181,292,181,293,181,295,182,296,182,298,183,300,183,301,184,303,184,304,185,306,186,307,187,308,188,309,189,310,191,310,192,312,194,312,195,313,197,313,198,313,200,314,202,314,203,314,205,313,206,313,208,313,210,312,211,312,213,312,215,312,216,311,218,310,219,310,221,309,222,308,224,307,225,306,226,306,228,305,229,304,231,304,232,303,234,302,235,302,237,302,239,302,240,301,242,301,243,301,245,302,246,302,248,302,250,302,251,303,253,303,254,304,256,305,256,306,258,307,259,308,260,309,262,310,263,311,264,312,265,313,266,315,267,317,267,318,267,320,268,321,269,323,269,325,269,326,270,328,270,329,270,331,270,333,270,334,270,336,270,338,270,340,270,341,270,343,270,344,271,346,271,348,270,349,270,351,270,353,270,354,270,356,270,358,270,359,270,361,270,
253,160,254,162,255,163,255,165,256,166,257,168,258,169,259,170,260,171,261,172,263,174,264,175,265,175,267,176,268,177,270,177,271,177,273,178,275,178,276,178,278,178,280,179,281,179,283,179,284,180,286,180,288,180,289,180,291,181,293,181,294,182,296,182,297,182,299,183,301,184,302,184,304,185,305,186,306,187,307,188,309,190,310,191,311,192,312,194,312,195,313,197,313,198,314,200,314,202,314,203,314,205,313,207,313,208,313,210,313,212,312,213,312,215,311,216,310,218,310,219,309,221,309,223,308,224,307,225,307,227,306,228,305,230,304,231,304,233,303,234,302,236,302,237,302,239,302,240,301,242,301,243,301,245,301,247,302,248,302,250,303,252,303,253,303,255,304,256,304,258,305,259,306,260,307,261,309,263,310,264,311,265,313,266,314,266,316,266,317,267,319,268,320,269,322,269,323,269,325,270,326,270,328,270,330,270,331,270,333,270,335,270,336,271,338,271,340,271,341,271,343,271,345,271,346,271,348,271,350,271,352,271,353,271,355,272,357,272,358,272,360,272,
253,159,254,161,255,162,255,164,256,165,257,167,258,168,260,169,260,170,261,171,263,173,264,174,265,175,267,176,268,176,270,177,271,178,273,178,275,178,276,178,278,179,280,179,281,179,283,180,285,180,286,180,288,180,290,181,291,181,293,181,295,182,296,182,298,182,300,182,301,183,302,184,304,185,305,186,306,187,308,189,309,190,310,191,311,193,312,194,313,196,313,197,314,199,314,201,314,202,314,204,314,206,314,207,313,209,313,211,313,212,312,214,312,216,311,217,311,219,310,220,309,222,308,223,308,225,307,227,306,228,305,229,305,231,304,232,303,234,303,235,302,237,302,239,302,240,302,242,301,244,301,245,302,247,302,249,302,250,302,252,303,254,304,255,304,257,304,258,306,259,306,260,308,261,309,262,310,264,311,265,312,266,314,267,315,267,317,267,319,268,320,268,322,268,323,269,325,270,326,270,328,270,330,270,332,270,333,270,335,270,336,271,338,271,340,271,342,271,343,271,345,271,347,271,348,271,350,272,352,272,353,272,355,272,357,273,359,273,360,273,362,273,
253,158,254,160,254,161,255,163,256,164,256,166,257,167,259,169,260,169,261,170,262,172,263,172,265,174,266,175,267,176,269,177,270,177,272,177,273,178,275,178,277,178,278,179,280,179,282,179,283,180,285,180,286,180,288,180,290,180,292,180,293,181,295,181,296,182,298,183,300,183,301,184,302,185,304,186,305,187,306,188,308,190,309,191,309,192,310,194,311,196,311,197,312,199,312,200,312,202,312,204,312,206,312,207,312,209,312,211,312,212,311,214,311,216,311,217,311,219,310,221,309,222,308,224,307,225,307,227,306,228,305,230,305,231,304,233,304,234,303,236,302,237,302,239,302,241,301,242,301,244,301,246,301,247,301,249,302,250,303,252,303,254,303,255,304,256,305,258,306,259,307,261,308,262,309,263,310,264,312,265,313,266,315,267,316,267,317,268,319,268,320,268,322,269,324,269,325,270,327,270,329,270,330,270,332,270,334,270,335,270,337,270,339,271,340,271,342,271,344,271,345,271,347,271,349,271,351,271,352,272,354,272,355,273,357,273,359,274,360,274,362,275,
251,160,252,161,253,163,254,164,255,165,256,166,258,168,259,169,260,170,261,171,262,172,264,173,265,174,266,175,267,175,269,176,271,176,272,177,273,178,275,178,277,178,278,179,280,179,282,179,283,180,285,180,286,180,288,180,290,180,291,181,293,181,294,182,296,182,298,182,299,183,301,184,302,184,303,185,305,186,306,187,307,188,308,190,309,191,310,193,311,194,311,195,312,197,313,199,313,200,313,202,313,204,313,205,313,207,312,208,312,210,312,212,312,213,312,215,312,217,311,218,310,220,309,221,309,223,308,224,307,226,306,227,306,229,305,230,304,231,304,233,304,234,303,236,303,238,303,239,303,241,302,242,302,244,303,245,303,247,303,249,303,250,304,252,305,253,305,255,305,256,306,258,307,259,308,260,309,261,310,262,312,264,313,265,314,265,316,266,317,267,319,267,320,268,322,268,323,269,325,269,326,270,328,270,330,270,331,270,333,270,335,270,336,270,338,270,340,270,341,270,343,270,344,271,346,271,348,270,349,270,351,270,352,270,354,270,356,270,357,270,359,270,
251,158,252,159,253,161,254,162,255,164,256,165,257,166,258,167,259,168,260,170,261,171,262,172,263,173,265,174,266,175,267,176,269,177,270,177,272,177,274,178,275,178,277,178,278,178,280,179,281,179,283,180,284,180,286,180,288,180,289,181,291,181,293,181,294,182,296,182,297,182,299,183,301,184,302,185,303,186,305,187,306,187,307,188,308,190,309,191,309,193,310,195,311,196,311,198,312,199,313,201,313,202,313,204,313,206,313,208,313,209,312,211,312,212,312,214,311,216,311,217,311,219,310,221,309,222,309,224,308,225,307,226,306,228,306,229,305,231,304,232,304,234,303,235,303,237,303,239,302,240,302,242,302,243,302,245,302,247,302,248,303,250,303,251,303,253,304,254,305,256,305,257,307,258,308,259,309,261,310,262,311,263,312,264,313,266,314,266,316,267,317,267,319,267,320,268,322,269,324,269,325,270,327,270,328,270,330,270,332,270,334,270,335,271,336,271,338,271,340,271,341,270,343,270,345,271,346,271,348,271,350,271,351,271,353,271,355,270,356,270,358,270,
250,157,251,158,252,160,253,161,254,162,256,163,256,165,257,166,258,168,259,169,260,170,262,172,263,173,264,173,265,175,266,175,268,176,269,177,271,177,272,177,274,178,276,178,277,178,279,179,280,179,282,179,284,179,285,180,287,180,288,181,290,181,292,181,293,181,295,182,297,182,298,182,300,183,301,184,302,185,304,186,305,187,306,188,307,190,308,191,309,193,310,194,311,196,311,197,312,199,313,200,313,202,313,204,313,205,313,207,312,209,312,210,312,212,312,214,312,215,312,217,311,219,310,220,310,222,309,223,308,225,307,226,307,228,306,229,305,231,304,232,304,234,304,235,303,237,303,238,303,240,302,242,302,243,303,245,303,246,303,248,303,250,303,251,304,253,304,254,305,256,305,257,306,259,307,260,308,261,309,262,311,264,312,264,313,265,315,266,315,267,317,267,319,267,320,268,322,269,323,269,325,269,326,270,328,270,330,270,332,270,333,270,335,270,337,270,338,270,340,270,342,270,343,271,345,271,346,270,348,270,350,270,351,270,353,271,355,271,356,271,358,271,
251,157,252,158,253,160,254,161,254,163,255,164,256,166,257,167,258,168,260,170,261,171,262,172,263,173,264,174,266,175,267,176,269,177,270,177,272,177,273,177,275,178,276,178,278,178,279,179,281,179,283,179,284,180,286,180,288,180,289,181,291,181,293,181,294,182,296,182,297,182,299,183,300,184,302,185,303,186,305,187,306,188,307,189,308,190,309,192,310,193,311,195,311,196,312,198,313,199,313,201,313,203,313,204,313,206,313,208,312,209,312,211,312,213,312,214,312,216,311,218,310,219,310,221,309,222,308,224,308,225,308,227,307,228,305,230,305,231,304,233,304,234,304,236,303,237,303,239,303,240,302,242,302,243,302,245,302,247,302,249,303,250,304,251,304,253,304,255,304,256,305,257,306,258,307,259,309,261,310,262,311,263,312,264,313,266,314,266,316,267,317,267,319,268,320,268,322,269,323,269,325,269,326,270,328,270,330,270,331,270,333,270,334,271,336,271,337,270,339,270,341,270,342,271,344,271,345,270,347,270,348,270,350,270,352,270,354,270,355,270,357,270,
251,156,252,157,253,159,254,160,254,162,255,163,256,165,257,166,258,167,259,169,260,169,261,170,263,172,264,173,265,174,267,175,268,175,269,176,271,177,272,177,274,177,275,178,277,179,278,179,280,179,282,179,283,180,285,180,287,180,288,180,290,180,292,181,293,181,295,182,296,182,298,182,300,183,301,183,302,184,304,186,305,186,307,188,308,189,309,190,310,191,311,193,311,194,312,196,312,198,312,199,313,201,313,202,313,204,313,206,313,207,313,209,313,211,312,212,312,214,312,216,311,217,311,219,311,221,310,222,309,223,308,225,307,226,306,227,306,229,305,230,305,232,304,233,304,235,303,237,303,238,303,240,303,242,302,243,302,245,302,246,302,248,303,249,303,251,304,253,305,254,305,255,305,257,307,258,307,259,308,260,309,261,311,263,312,264,313,265,314,266,316,267,317,267,319,267,320,268,322,268,324,268,325,269,327,270,328,270,330,270,332,270,334,270,335,270,337,270,339,270,340,270,342,270,343,271,345,271,347,271,349,271,350,271,352,271,354,271,355,271,357,271,
252,153,252,155,253,156,253,158,254,160,254,161,255,162,256,164,257,165,258,167,259,168,260,169,261,171,262,171,263,172,265,173,266,174,268,175,269,176,271,176,272,177,274,178,275,178,277,178,278,179,280,179,282,179,283,180,285,180,286,180,288,180,290,181,291,181,293,181,295,181,296,182,298,182,300,183,301,184,303,185,304,186,305,186,307,188,308,189,309,190,310,192,310,193,311,195,311,196,312,198,313,200,313,201,313,203,313,205,313,206,313,208,313,210,312,211,312,213,312,215,311,216,311,218,311,220,310,221,309,223,308,224,308,226,308,227,307,229,306,230,305,232,305,233,304,235,304,236,303,238,303,239,303,241,302,243,302,244,302,246,302,248,303,249,303,251,303,252,304,254,305,255,305,256,306,258,307,259,308,260,309,262,310,263,311,264,313,265,314,266,315,267,317,268,318,268,320,269,322,269,323,269,325,270,327,270,328,270,330,270,332,270,333,270,335,271,336,271,338,271,340,271,342,271,343,271,345,271,347,271,348,271,350,271,352,271,354,271,355,271,357,271,
255,153,255,155,255,156,256,158,256,160,256,161,256,163,257,164,257,166,258,167,259,168,260,170,261,171,262,172,264,173,265,174,266,174,268,175,269,176,271,177,272,177,274,177,275,178,277,178,279,178,280,179,282,179,283,180,285,180,287,180,288,180,290,181,291,181,293,181,295,182,296,182,298,182,300,182,301,183,302,184,303,185,304,186,306,188,307,189,308,190,309,191,310,193,311,194,311,196,312,197,312,199,312,201,313,202,313,204,313,206,313,207,313,209,313,211,312,212,312,214,312,215,311,217,311,219,310,220,309,222,309,223,309,225,308,226,307,228,306,229,305,231,305,232,304,234,304,235,303,237,303,238,303,240,302,241,302,243,303,245,303,246,303,248,303,250,303,251,303,253,304,254,305,256,306,257,307,258,307,259,308,260,310,262,311,262,312,263,313,265,314,266,316,266,317,267,319,267,320,268,322,268,324,269,325,270,327,270,328,270,330,270,332,270,333,271,335,271,337,271,338,271,340,271,342,271,343,271,345,271,347,271,348,271,350,272,352,272,353,272,355,272,
255,152,255,154,255,155,255,157,255,159,255,160,256,162,257,163,258,165,258,166,258,168,259,169,260,170,262,171,263,172,264,173,266,174,267,175,268,176,270,176,271,177,272,177,274,178,276,178,277,178,279,179,280,179,282,179,284,179,285,180,287,180,289,180,290,181,292,181,293,181,295,182,297,182,298,182,300,183,301,184,303,185,304,186,305,187,307,188,308,189,309,190,310,192,310,193,311,195,311,196,312,198,313,200,313,201,313,203,313,205,313,206,313,208,313,210,313,211,312,213,312,215,312,216,311,218,311,219,310,221,309,222,308,224,308,226,307,227,306,229,305,230,305,232,305,233,304,235,303,236,303,238,303,239,303,241,302,242,302,244,302,246,302,247,303,249,303,250,303,252,304,253,305,255,306,256,306,257,307,259,308,260,309,261,311,263,312,264,313,265,314,266,316,267,317,268,318,268,320,269,322,269,323,269,325,270,326,270,328,270,330,270,332,270,333,270,335,270,337,270,338,270,340,270,341,271,343,271,345,271,347,271,348,271,350,271,352,271,353,271,355,271,
256,151,256,153,256,154,255,156,255,158,255,159,255,161,256,162,256,164,257,165,257,167,258,168,259,169,261,171,262,172,263,173,264,174,266,174,267,175,268,176,270,177,272,177,273,178,275,178,276,178,278,179,279,179,281,179,283,179,284,180,286,180,288,180,289,181,291,181,292,181,294,182,296,182,297,182,299,183,300,183,302,184,303,185,305,186,306,187,307,188,308,190,308,192,309,193,310,194,311,196,312,197,312,199,312,201,313,202,313,204,313,205,313,207,313,209,312,210,312,212,312,214,312,215,311,217,311,218,310,220,309,222,308,223,308,225,308,226,307,228,306,229,306,231,305,232,305,234,304,235,304,237,303,238,303,240,303,242,303,243,303,245,303,247,303,248,304,250,304,251,305,253,305,254,306,256,307,257,307,258,308,260,309,261,310,262,312,264,313,265,314,266,315,267,317,268,318,268,320,268,321,269,323,269,325,270,326,270,328,270,329,270,331,270,333,271,334,271,336,270,337,270,339,270,341,270,342,271,344,271,346,271,347,271,349,270,351,270,352,270,354,270,
250,151,251,153,252,154,252,156,253,157,254,159,255,160,255,162,256,163,256,165,257,166,258,167,259,168,261,170,262,171,263,172,264,173,266,174,267,175,268,175,269,176,271,177,273,177,274,178,276,178,277,179,279,179,281,179,282,180,284,180,285,180,287,180,289,180,290,181,292,181,293,181,295,182,296,183,298,183,300,184,301,185,302,185,304,187,305,188,306,189,307,190,308,192,309,193,310,194,311,196,311,197,312,199,313,201,313,202,313,204,313,206,313,207,313,209,312,210,312,212,312,214,312,215,312,217,311,219,311,220,310,222,309,223,309,225,308,226,307,228,306,229,306,231,305,232,305,234,304,235,304,237,304,238,303,240,303,241,303,243,303,245,303,246,304,248,304,250,304,251,304,253,304,254,305,256,306,257,306,258,307,259,309,261,310,262,311,263,312,263,314,265,315,266,316,266,317,267,319,268,320,269,322,269,323,269,325,269,326,270,328,270,330,270,331,271,333,271,335,271,336,271,338,271,340,271,341,271,343,271,345,271,346,271,348,272,350,272,351,272,353,272,
250,150,251,152,252,153,252,155,253,156,254,158,254,159,254,161,255,162,256,164,256,165,257,166,258,168,259,169,260,170,262,171,263,172,264,173,265,174,267,175,268,176,270,177,271,177,273,178,274,178,276,178,277,179,279,179,281,179,282,179,284,180,286,180,287,180,289,180,291,181,292,181,294,181,295,182,297,183,298,183,300,184,302,184,303,185,304,186,305,187,306,189,307,190,308,191,309,193,310,194,311,196,311,198,312,199,313,201,313,202,313,204,313,206,313,207,312,209,312,211,312,212,312,214,312,216,311,217,311,219,310,220,309,222,309,223,308,225,308,226,307,228,306,229,306,231,305,233,304,234,304,236,304,237,304,239,303,240,303,242,303,244,303,245,303,247,304,249,304,250,304,252,304,254,305,255,306,256,307,258,307,259,308,260,310,262,311,263,312,263,314,265,314,266,316,267,317,267,319,268,320,269,322,269,323,269,325,270,326,270,328,270,330,270,331,270,333,271,335,271,336,271,338,271,340,271,341,271,343,271,345,272,346,272,348,272,350,272,351,273,353,273,
251,148,252,150,252,151,253,153,253,154,254,156,254,158,254,159,255,161,255,162,256,164,257,165,258,167,259,168,259,169,261,171,262,172,263,173,264,173,266,175,267,175,269,176,270,176,272,177,273,178,275,178,276,178,278,178,280,179,281,180,283,180,284,180,286,180,288,180,289,181,291,181,293,181,294,181,296,182,298,183,299,183,301,184,302,185,304,186,305,187,306,188,307,190,308,191,309,192,310,194,311,195,312,196,312,198,313,200,313,201,313,203,313,205,313,206,313,208,313,210,312,211,312,213,312,215,312,216,311,218,311,220,310,221,309,223,308,224,308,226,307,227,306,229,306,230,305,232,305,233,304,235,304,236,304,238,304,239,303,241,303,243,303,244,304,246,304,247,304,249,304,251,304,252,305,254,305,256,306,256,307,258,308,259,309,261,310,262,311,262,312,264,313,265,314,266,316,267,317,268,319,268,320,268,322,269,323,269,325,270,327,270,328,270,330,270,332,270,333,270,335,270,337,270,338,271,340,271,342,271,343,271,345,271,347,271,349,271,350,271,352,271,
250,148,251,150,251,151,252,153,253,154,253,156,254,157,255,159,256,160,256,162,256,164,257,165,258,166,259,168,260,169,261,170,262,172,263,173,264,174,266,175,267,175,268,176,270,177,271,177,273,177,275,177,276,178,277,179,279,179,281,179,282,179,284,180,286,180,287,180,289,180,290,181,292,181,294,181,295,182,297,182,299,183,300,184,301,184,303,186,304,187,305,188,306,189,307,191,308,192,309,193,310,194,311,196,312,198,313,199,313,201,313,202,313,204,313,206,313,207,313,209,313,211,312,212,312,214,311,216,311,217,310,219,310,220,310,222,309,223,308,225,308,226,307,228,307,230,306,231,305,232,305,234,304,236,304,237,304,239,303,240,303,242,303,244,303,245,303,247,304,248,304,250,304,252,305,253,305,255,306,256,307,257,308,259,309,260,310,262,311,263,312,264,314,265,315,266,316,267,317,268,319,268,320,269,322,269,324,269,325,270,327,270,329,270,330,270,332,271,333,271,335,271,337,271,338,271,340,271,342,271,344,271,345,271,347,272,349,272,350,272,352,272,
250,148,251,150,252,151,252,153,253,154,254,156,254,157,254,159,255,160,256,162,256,163,257,165,257,166,258,168,259,169,260,170,261,171,262,172,263,173,265,174,266,174,268,176,269,177,270,177,272,177,274,178,275,178,277,178,278,179,280,179,282,179,283,179,285,180,287,180,288,180,290,180,291,181,293,181,295,182,296,182,298,183,299,183,301,184,302,185,304,186,305,187,306,188,307,190,308,191,309,192,310,194,311,195,311,197,312,199,313,200,313,202,313,203,313,205,313,207,313,208,312,210,312,212,312,213,312,215,311,217,311,218,310,220,310,221,310,223,309,224,308,226,307,228,306,229,306,230,305,232,305,233,305,235,304,237,304,238,304,240,303,241,303,243,303,245,303,246,303,248,304,249,304,251,305,253,305,254,306,256,306,257,307,258,308,260,309,261,310,262,311,263,313,265,314,266,315,266,317,267,318,268,320,268,321,269,323,269,324,269,326,270,328,270,329,270,331,270,333,270,334,271,336,271,337,271,339,271,341,271,343,271,344,271,346,272,348,272,349,272,351,272,
252,145,252,147,253,148,253,150,253,152,254,153,254,155,254,157,255,158,255,160,255,161,256,163,256,164,257,166,258,167,259,169,260,169,260,170,262,172,263,173,264,174,266,175,267,175,268,176,270,176,271,177,273,177,274,178,276,178,278,178,279,179,281,179,282,180,284,180,286,180,287,180,289,180,290,181,292,181,294,181,295,182,297,182,298,183,300,184,301,185,303,186,304,187,305,188,306,189,307,190,309,192,309,193,310,195,311,196,311,198,312,199,312,201,312,203,313,204,313,206,313,207,313,209,312,211,312,212,312,214,312,216,312,217,311,219,310,220,310,222,309,223,308,225,307,226,307,228,306,229,305,231,305,232,305,234,304,235,304,237,304,239,304,240,304,242,303,243,303,245,303,247,303,248,304,250,304,252,305,253,305,254,306,256,307,257,308,259,309,260,310,261,311,262,312,263,313,264,315,266,316,266,317,267,318,267,320,268,321,268,323,269,324,269,326,270,327,270,329,270,331,270,332,270,334,270,336,271,337,271,339,271,340,270,342,270,344,270,345,269,347,269,
253,144,253,146,253,147,254,149,254,151,254,152,254,154,255,156,255,157,256,159,256,160,256,162,257,164,257,165,258,166,259,168,260,169,261,171,262,172,263,172,264,173,266,175,267,175,268,176,270,176,271,177,273,178,275,178,276,179,278,179,279,179,281,179,283,180,284,180,286,180,288,180,289,180,291,181,293,181,294,182,296,182,297,183,299,183,300,184,302,185,303,186,304,187,306,189,307,190,308,191,309,192,310,194,311,195,312,197,312,198,312,200,313,202,313,203,313,205,313,207,312,208,312,210,312,211,312,213,312,215,312,216,311,218,310,220,310,221,309,223,308,224,308,226,307,227,306,229,306,230,306,232,305,234,305,235,304,236,304,238,304,240,304,241,303,243,303,245,303,246,303,248,304,249,304,251,305,253,305,254,306,256,307,257,307,258,309,260,310,261,311,262,312,263,313,264,315,265,316,266,317,267,319,268,320,269,322,269,323,269,325,269,326,270,328,270,330,270,332,270,333,270,335,270,336,271,338,271,340,271,342,271,343,271,345,271,347,271,348,271,350,271,
253,143,253,145,253,146,254,148,254,150,254,151,254,153,254,155,255,156,255,158,255,160,255,161,256,163,256,165,257,166,258,167,258,168,260,170,261,171,262,172,264,172,265,173,266,174,268,175,269,176,270,177,272,178,274,178,275,178,277,178,279,179,280,179,282,179,284,180,285,180,287,180,289,180,290,181,292,181,293,181,295,182,297,182,298,182,300,183,301,184,303,185,304,186,306,187,307,188,308,189,309,190,310,192,311,193,311,195,312,196,312,198,312,200,313,201,313,203,313,205,313,206,313,208,313,210,313,211,312,213,312,215,312,216,311,218,310,219,310,221,309,223,308,224,308,226,307,227,307,229,306,230,305,232,305,233,305,235,304,236,304,238,304,240,303,241,303,243,303,245,303,246,304,248,304,249,304,251,304,253,305,254,306,255,307,257,307,258,308,259,309,261,310,262,311,263,313,264,314,265,315,266,317,267,318,267,320,268,321,268,323,268,325,269,326,270,328,270,330,270,331,270,333,270,335,270,336,270,338,271,340,271,341,272,343,272,345,272,346,273,348,273,
257,144,256,146,256,147,255,149,255,150,254,152,255,153,255,155,255,157,255,158,255,160,256,161,256,163,257,164,257,166,258,167,259,169,260,170,261,171,263,172,264,173,265,174,266,175,268,176,269,177,271,177,272,177,274,177,275,178,277,178,279,179,280,179,282,179,283,180,285,180,287,180,288,180,290,180,292,181,293,181,295,181,297,182,298,183,300,184,301,184,302,185,304,187,305,188,306,189,307,190,308,191,310,193,311,194,311,195,312,197,312,199,312,200,313,202,313,204,313,205,313,207,313,209,313,210,313,212,312,214,312,215,311,217,311,218,310,220,310,222,309,223,308,224,308,226,307,228,306,229,306,230,305,232,305,234,304,235,304,237,304,238,304,240,303,242,303,243,303,245,303,246,304,248,304,250,304,251,304,253,305,254,306,256,307,257,307,258,309,260,310,261,311,262,312,263,313,264,315,266,316,267,317,267,319,268,320,268,322,268,324,269,325,270,327,270,328,270,330,270,332,270,333,270,335,271,336,271,338,272,340,272,341,272,343,273,345,273,346,274,348,274,
253,142,253,144,253,145,254,147,254,149,254,150,254,152,254,154,254,155,254,157,254,159,255,160,255,162,256,163,257,165,258,166,258,168,259,168,260,170,261,171,262,172,264,174,265,174,266,175,268,176,269,176,271,176,272,177,274,177,275,178,277,179,278,179,280,179,282,179,283,179,285,179,287,180,288,180,290,181,292,181,293,181,295,182,296,182,298,183,300,184,301,184,303,185,304,186,305,187,306,188,307,189,309,191,310,192,311,193,311,195,312,197,313,198,313,200,313,201,313,203,313,205,313,206,313,208,313,210,312,211,312,213,312,215,312,216,311,218,310,219,310,221,309,223,308,224,308,226,307,227,306,229,306,230,306,232,305,233,305,235,304,236,304,238,304,240,303,241,303,243,303,244,303,246,304,247,304,249,304,251,305,252,305,254,306,255,307,256,308,258,309,259,310,260,311,262,312,263,313,264,314,265,316,266,317,267,319,267,321,267,322,268,324,268,325,269,327,269,328,270,330,270,332,270,333,270,335,270,337,270,339,270,340,270,342,270,344,270,345,270,347,270,
253,142,253,144,253,145,254,147,254,149,254,150,254,152,254,154,254,155,254,157,255,159,255,160,256,162,257,163,257,164,258,166,258,167,259,168,260,170,261,171,262,172,264,173,265,174,266,175,268,176,269,177,270,177,272,177,274,177,275,178,277,178,278,179,280,179,282,179,283,180,285,180,287,180,288,180,290,180,292,181,293,181,295,181,296,182,298,183,299,183,301,184,302,185,304,186,305,187,307,188,308,189,309,190,310,192,311,193,311,195,312,196,312,198,312,200,313,201,313,203,313,204,313,206,313,208,313,210,313,211,313,213,312,214,312,216,311,218,310,219,310,221,310,222,309,224,308,225,308,227,307,228,306,230,306,231,305,233,305,234,304,236,304,237,304,239,304,240,303,242,303,244,303,245,303,247,304,248,304,250,304,252,305,253,305,255,306,256,307,258,308,259,308,260,310,262,311,263,312,264,313,265,315,266,316,266,318,266,319,266,321,267,322,268,324,268,326,269,327,269,329,270,330,270,332,270,333,270,335,271,337,271,338,271,340,272,342,272,343,273,345,273,
254,140,254,142,254,143,254,145,254,147,254,149,254,150,254,152,254,154,255,155,255,157,255,158,255,160,256,162,256,163,257,165,257,166,258,168,259,169,260,170,262,172,263,172,264,173,266,175,267,175,269,176,270,177,271,177,273,178,274,178,276,179,278,179,279,179,281,179,282,179,284,180,286,180,287,180,289,181,291,181,292,181,294,181,296,182,297,183,299,183,300,184,302,185,303,186,304,187,306,188,307,189,308,190,309,192,310,193,311,195,311,196,312,198,313,200,313,201,313,203,313,205,313,206,313,208,312,210,312,211,312,213,312,215,312,216,311,218,311,220,310,221,309,223,309,224,308,226,307,227,307,229,306,230,306,232,305,233,305,235,305,237,304,238,303,240,303,241,303,243,303,245,303,246,304,248,304,249,304,251,305,252,306,254,306,256,307,257,308,259,308,260,309,261,310,262,312,264,313,264,315,265,316,266,317,267,319,267,320,268,322,268,324,269,325,269,327,270,328,270,330,270,332,270,333,270,335,270,337,270,339,271,340,271,342,271,344,271,345,272,347,272,
252,139,252,141,252,142,253,144,253,146,253,147,253,149,254,151,254,152,254,154,254,156,255,157,255,159,256,160,257,162,257,163,257,165,258,167,259,168,260,169,260,170,262,172,263,173,264,173,266,175,267,175,269,176,270,177,271,177,273,178,274,178,276,178,278,178,279,179,281,179,283,179,284,180,286,180,288,180,289,181,291,181,292,181,294,182,296,182,297,183,299,183,300,183,302,185,303,186,304,187,306,188,307,189,308,190,309,191,310,193,311,194,312,196,312,197,312,199,313,201,313,202,313,204,313,206,313,207,313,209,313,211,312,212,312,214,312,215,311,217,311,219,310,220,310,222,309,223,308,225,307,226,307,228,306,229,306,231,305,232,305,234,304,236,304,237,304,239,304,240,303,242,303,243,303,245,303,247,304,248,304,250,304,252,305,253,305,254,307,256,307,257,308,259,309,260,310,261,311,263,312,263,313,264,315,266,316,266,318,266,319,267,321,267,322,268,324,269,326,269,327,269,329,269,331,269,332,270,334,270,336,270,337,270,339,270,341,270,342,270,344,270,
251,140,251,142,252,143,252,145,252,147,253,148,253,150,254,152,254,153,254,155,254,157,255,158,255,160,255,161,256,163,256,164,257,166,258,167,259,169,260,170,261,171,262,172,264,174,265,174,266,175,268,176,270,176,271,177,273,177,274,178,275,179,277,179,279,179,280,179,282,179,284,180,285,180,287,180,289,180,290,181,292,181,293,182,295,182,297,182,298,183,300,183,301,184,303,185,304,186,306,187,307,188,308,189,309,190,310,192,311,193,312,195,312,197,313,198,313,200,314,202,314,203,314,205,314,207,313,208,313,210,313,212,312,213,312,215,312,216,311,218,310,220,310,221,309,223,309,224,308,226,307,227,307,229,306,230,306,232,305,234,305,235,305,237,304,238,304,240,304,242,304,243,304,245,304,247,305,248,305,250,305,252,305,253,306,255,306,256,307,258,308,259,309,260,310,261,312,262,313,264,314,265,315,265,317,266,318,267,320,267,321,268,323,269,324,269,326,269,328,270,329,270,331,270,333,270,334,270,336,271,338,271,339,271,341,272,343,272,344,273,346,273,
251,139,251,141,252,142,252,144,253,146,253,147,253,149,254,151,254,152,255,154,255,156,255,157,255,159,256,161,256,162,257,164,257,165,258,167,259,168,260,169,261,170,263,172,264,173,265,174,267,175,268,175,270,176,271,176,272,177,274,177,275,178,277,178,279,179,280,179,282,179,284,180,285,180,287,180,289,180,290,181,292,181,294,181,295,182,297,183,298,183,300,184,302,184,303,185,305,186,306,187,307,188,308,190,309,191,310,193,311,194,311,196,312,198,312,199,313,201,313,203,313,204,313,206,313,208,313,209,313,211,313,213,312,214,311,216,311,218,310,219,310,221,309,222,308,224,308,225,308,227,307,229,306,230,306,232,305,233,304,235,304,236,304,238,304,240,303,241,303,243,304,244,304,246,304,247,304,249,304,251,304,252,306,254,306,255,307,257,308,258,309,259,310,261,311,262,313,263,314,264,315,265,316,266,317,266,319,266,321,267,322,268,324,268,325,269,327,269,328,270,330,270,332,270,333,271,335,271,337,271,338,271,340,271,342,272,344,272,345,272,347,272,
251,139,251,141,252,142,252,144,252,146,253,147,253,149,254,151,254,152,254,154,254,156,255,157,255,159,255,160,256,162,256,163,258,165,258,166,259,168,260,169,261,170,262,171,263,172,264,173,266,174,267,174,268,175,270,176,271,177,273,177,274,177,276,178,277,179,279,179,281,179,282,179,284,180,286,180,287,180,289,181,290,181,292,181,294,181,295,182,297,182,298,183,300,184,301,184,303,186,304,187,305,188,306,189,308,191,309,192,310,193,311,195,311,196,312,198,312,199,313,201,313,203,313,204,313,206,313,208,313,209,313,211,312,213,312,214,312,216,311,218,310,219,310,221,309,222,309,224,308,225,307,227,307,228,306,230,306,231,305,233,305,235,305,236,305,238,304,240,304,241,304,243,304,245,304,246,304,248,304,250,305,251,305,253,306,254,307,256,308,257,308,258,310,260,311,261,312,262,313,263,314,264,316,266,317,266,319,267,320,267,321,268,323,268,325,269,326,269,328,270,330,270,331,271,333,271,334,271,336,271,338,272,339,272,341,272,343,272,344,273,346,273,
251,139,251,141,252,142,252,144,252,146,253,147,253,149,254,150,254,152,254,154,255,155,255,157,255,158,256,160,256,161,257,163,257,164,258,166,259,167,259,168,261,170,262,171,263,172,264,172,266,174,267,175,268,175,270,176,271,176,273,177,274,177,276,178,277,178,279,179,280,179,282,179,284,179,285,180,287,180,288,180,290,181,292,181,293,182,295,182,296,183,298,183,299,184,301,184,302,185,304,187,305,188,306,189,307,190,308,191,309,193,310,194,311,196,312,197,312,198,313,200,313,202,313,203,313,205,313,207,313,208,312,210,312,212,312,213,312,215,311,216,311,218,310,220,310,221,309,223,308,224,307,226,307,227,306,229,306,230,306,232,305,233,305,235,305,236,304,238,304,239,304,241,304,243,304,244,304,246,304,248,305,249,305,251,305,252,306,254,306,255,307,257,308,258,308,259,310,261,311,261,312,262,313,263,315,265,316,266,317,266,319,267,320,267,322,267,323,268,325,269,327,269,328,269,330,270,331,270,333,270,335,271,336,271,338,271,340,271,341,272,343,272,
254,137,254,139,254,140,254,142,254,144,254,146,254,147,254,149,254,151,255,152,255,154,255,156,255,157,255,159,256,160,257,162,257,163,257,165,258,167,258,168,260,169,261,170,262,171,263,172,265,173,266,174,267,175,268,175,270,176,271,176,273,177,274,178,276,178,278,178,279,178,281,179,282,179,284,179,285,180,287,180,289,181,290,181,292,181,294,181,295,182,297,182,298,183,300,184,301,185,303,186,304,187,306,188,307,189,308,190,309,191,310,193,310,194,312,196,312,197,313,199,313,200,313,202,313,204,313,206,313,207,312,209,312,210,312,212,312,214,312,216,311,217,311,219,310,220,310,222,309,223,308,225,308,226,307,228,306,229,306,231,305,233,305,234,305,236,305,237,304,239,304,241,304,242,304,244,304,246,304,247,305,249,305,251,305,252,306,254,306,255,307,257,308,258,309,259,310,261,311,262,311,263,313,264,314,264,316,266,317,267,318,267,320,268,322,268,323,268,325,268,326,269,328,270,329,270,331,270,333,270,335,270,336,270,338,271,340,271,341,271,343,271,
254,137,254,139,254,140,253,142,253,144,253,145,253,147,254,149,254,150,254,152,254,154,254,155,254,157,255,159,256,160,256,162,256,163,257,165,257,166,259,167,259,168,260,169,262,171,263,172,264,173,265,174,267,175,268,175,270,177,271,177,273,177,274,177,276,178,277,179,279,179,281,179,282,179,284,180,285,180,287,180,289,181,290,181,292,181,294,182,295,183,297,183,298,184,300,185,301,185,302,186,304,188,305,189,306,190,307,191,308,192,309,194,310,195,311,197,311,198,312,200,312,202,312,203,313,205,313,207,313,208,313,210,312,211,312,213,312,215,311,216,311,218,311,220,310,221,310,223,309,224,308,225,307,227,306,229,306,230,305,232,305,233,305,235,305,237,305,238,304,240,304,241,304,243,304,245,304,246,304,248,305,250,305,251,305,253,305,254,307,256,308,257,308,258,309,260,310,261,311,262,312,263,314,265,315,266,316,266,317,267,319,268,320,268,322,268,323,269,325,269,326,270,328,270,330,270,331,271,333,271,335,271,336,271,338,271,340,271,341,271,343,271,
253,137,253,139,253,140,254,142,254,144,254,145,254,147,254,149,254,150,254,152,254,154,254,155,254,157,255,159,255,160,256,162,256,163,257,165,258,166,259,167,259,168,260,170,261,171,262,172,264,173,265,174,266,175,268,176,269,176,271,177,272,177,274,177,275,178,277,178,278,179,280,179,282,179,283,179,285,180,287,180,288,181,290,181,291,181,293,182,295,182,296,182,298,183,299,184,300,185,302,186,303,186,305,188,305,189,306,190,307,192,308,193,309,195,310,196,310,198,311,199,312,201,312,202,312,204,312,206,312,207,312,209,312,211,312,213,312,214,312,216,311,217,311,219,310,221,310,222,309,224,308,225,308,227,307,228,306,229,305,231,305,233,305,234,305,236,305,238,304,239,304,241,304,243,304,244,304,246,304,248,305,249,305,251,305,252,305,254,306,255,307,257,308,258,309,259,310,261,311,262,312,263,313,264,315,265,316,266,317,267,319,267,320,268,322,268,323,269,325,269,327,270,328,271,330,271,331,271,333,271,335,272,336,272,338,272,340,272,341,273,343,273,
254,137,254,139,254,140,254,142,254,144,254,145,254,147,254,149,254,151,254,152,254,154,254,156,254,157,255,159,256,160,256,162,256,164,257,165,257,166,259,168,260,168,261,170,262,171,263,172,264,173,266,174,267,175,268,175,270,176,272,176,273,177,275,177,276,178,278,178,279,179,281,179,283,179,284,180,286,180,287,180,289,181,291,181,292,181,294,182,295,182,297,183,299,184,300,184,302,185,303,186,305,187,306,188,307,189,308,190,309,192,310,193,311,195,311,196,312,198,312,199,313,201,313,203,313,204,313,206,313,208,312,209,312,211,312,213,312,214,312,216,311,218,310,219,310,221,310,222,309,224,308,225,307,227,307,228,307,230,306,231,305,233,305,235,305,236,305,238,304,239,304,241,304,243,304,244,304,246,304,248,304,249,305,251,305,252,306,254,306,256,307,257,308,258,309,260,310,261,311,262,312,263,313,264,315,266,316,267,317,267,319,269,320,269,322,269,324,269,325,270,327,270,328,271,330,271,331,271,333,272,335,272,336,272,338,273,340,273,341,274,343,274,
252,138,252,140,252,141,253,143,253,145,253,147,253,148,254,150,254,151,254,153,254,155,254,157,255,158,255,160,255,161,256,163,256,164,257,166,258,167,259,168,261,170,262,171,262,172,264,173,265,174,266,174,268,175,269,175,271,176,272,177,274,177,275,178,277,178,278,179,280,179,282,179,284,179,285,180,287,180,288,180,290,181,292,181,293,181,295,182,297,182,298,182,300,183,301,184,303,185,304,186,305,187,306,188,308,190,309,191,310,192,311,194,311,195,312,197,312,198,313,200,313,202,313,203,313,205,313,207,312,208,312,210,312,212,312,213,312,215,312,217,311,218,310,220,310,221,309,223,308,225,307,226,307,228,306,229,306,231,306,232,305,234,305,235,305,237,305,239,304,240,304,242,304,243,304,245,305,246,305,248,305,250,305,251,306,253,306,255,307,256,308,257,308,259,309,260,310,261,311,262,312,263,314,265,315,266,316,267,318,268,319,269,320,269,322,269,324,269,325,270,327,270,328,271,330,271,331,272,333,273,335,273,336,273,338,274,340,274,341,275,343,275,
254,136,254,138,254,139,254,141,254,143,254,145,254,146,254,148,254,150,254,152,254,153,254,155,255,156,255,158,255,160,256,161,256,163,257,164,258,166,258,167,260,169,260,170,261,171,263,172,263,173,265,174,266,175,268,176,269,176,271,176,272,177,274,178,276,178,277,178,279,179,280,179,282,179,284,179,285,179,287,180,289,180,290,180,292,181,294,181,295,182,297,182,298,183,300,184,301,184,303,185,304,186,305,187,307,189,308,190,309,191,310,193,311,194,312,195,313,197,313,199,313,200,313,202,313,204,313,205,313,207,313,209,313,211,312,212,312,214,312,216,311,217,311,219,310,220,310,222,310,224,309,225,308,226,307,228,306,230,306,231,306,233,305,234,305,236,305,238,304,239,304,241,304,243,304,244,304,246,305,248,305,249,305,251,305,253,306,254,307,255,307,256,309,258,309,259,310,261,311,262,312,263,313,264,315,265,316,266,317,267,319,268,320,269,322,269,323,270,325,270,327,270,328,271,330,271,332,271,333,272,335,272,336,273,338,273,340,274,341,274,343,275,
259,136,258,138,257,139,257,141,256,142,255,144,255,145,254,147,254,148,254,150,254,152,254,154,254,155,254,157,254,159,254,160,255,162,256,163,256,164,257,166,258,167,259,169,260,170,261,171,263,172,264,173,265,173,267,175,268,176,269,176,271,177,272,177,274,177,275,178,277,178,279,179,280,179,282,179,284,179,285,180,287,180,289,180,290,181,292,181,293,181,295,182,297,183,298,183,300,184,301,185,303,186,304,187,306,188,307,189,308,190,308,192,309,193,310,194,311,196,312,197,313,199,313,201,313,202,313,204,313,206,313,207,312,209,312,211,312,212,312,214,312,216,311,217,311,219,310,220,309,222,309,224,308,225,308,227,307,228,306,230,306,231,305,233,305,235,305,236,305,238,304,240,304,241,304,243,304,245,305,246,305,248,305,249,305,251,306,253,306,254,307,256,308,257,308,258,310,260,311,261,312,262,313,263,314,265,315,266,317,267,318,268,320,268,321,269,323,269,324,270,326,270,327,271,329,271,330,272,332,272,334,273,335,273,337,273,339,273,340,274,342,274,
259,135,258,136,257,138,256,139,256,141,255,143,254,144,254,146,254,147,254,149,254,151,254,153,254,154,254,156,254,158,255,159,255,161,256,162,256,164,257,165,258,166,259,168,260,169,261,170,262,171,264,172,265,173,266,174,267,175,269,176,270,176,272,177,273,177,275,178,277,178,278,179,280,179,282,179,283,179,285,180,286,180,288,181,290,181,291,181,293,182,295,182,296,182,298,183,299,183,301,184,302,185,303,186,305,188,306,189,307,190,307,192,308,193,309,195,310,197,311,198,311,200,312,201,312,203,312,205,312,206,312,208,312,210,312,211,312,213,312,215,311,216,311,218,310,220,310,221,310,223,309,224,308,226,307,227,306,229,306,231,305,232,305,234,305,235,305,237,305,239,304,240,304,242,304,244,304,245,304,247,304,249,305,250,305,252,305,254,305,255,307,257,307,258,308,259,310,260,311,261,312,263,313,264,314,265,315,266,317,267,318,268,319,268,321,269,323,269,324,270,326,270,327,271,329,271,330,272,332,273,334,273,335,273,337,274,339,274,340,275,342,275,
253,134,253,136,253,137,254,139,254,141,254,142,254,144,254,146,254,148,254,149,254,151,255,152,255,154,255,156,255,158,255,159,256,161,256,162,257,164,258,165,258,167,259,167,260,169,261,170,262,171,263,172,265,173,266,174,267,175,269,176,271,176,272,177,274,177,275,178,277,178,279,179,280,179,282,179,283,180,285,180,287,180,288,180,290,181,292,181,293,181,295,182,297,183,298,183,300,184,301,185,302,186,303,187,305,188,306,189,307,191,308,192,309,193,310,195,311,196,311,198,311,200,312,201,312,203,312,205,312,206,312,208,312,210,312,212,312,213,312,215,311,216,311,218,311,220,310,221,309,223,308,224,308,226,308,227,307,229,306,230,306,232,305,234,305,235,305,237,305,238,304,240,304,242,304,243,304,245,304,247,304,249,305,250,305,252,305,253,306,255,307,256,307,257,308,259,309,260,310,262,311,262,313,263,314,264,315,265,316,266,318,267,319,268,321,268,322,269,324,269,326,270,327,271,329,271,330,271,332,272,334,272,335,272,337,273,339,273,340,274,342,274,
252,132,252,134,253,135,253,137,253,139,254,140,254,142,254,144,254,146,254,147,254,149,255,150,255,152,254,153,254,155,255,157,255,158,255,160,256,161,256,163,257,164,258,166,259,167,260,169,260,170,261,171,263,172,264,173,266,174,267,175,268,176,270,176,272,177,273,177,275,178,276,178,278,179,279,179,281,179,283,179,284,180,286,180,288,180,289,181,291,181,293,182,294,182,296,182,298,183,299,184,300,185,302,186,303,187,304,188,305,189,307,191,308,192,309,193,310,195,311,196,311,198,311,199,312,201,312,203,312,204,312,206,312,208,312,209,312,211,312,213,312,215,311,216,311,218,311,220,310,221,310,223,309,224,308,226,307,227,307,229,306,230,306,232,305,233,305,235,305,237,305,239,304,240,304,242,304,243,304,245,304,247,305,248,305,250,305,252,306,253,306,255,307,256,308,258,309,259,309,260,311,262,312,263,313,264,314,265,316,266,317,267,318,268,320,268,321,269,323,270,325,270,326,271,328,271,329,272,331,272,333,273,334,273,336,273,338,273,339,274,341,274,
253,133,253,135,253,136,253,138,253,140,253,142,254,143,254,145,254,147,254,148,254,150,254,152,254,153,255,155,255,156,255,158,255,160,256,161,256,163,257,164,257,166,258,167,259,168,261,170,262,171,262,172,264,174,265,174,266,175,268,176,270,176,271,176,272,177,274,178,276,178,277,178,279,179,281,179,282,179,284,179,286,179,287,180,289,180,291,181,292,181,294,181,295,182,297,183,298,184,300,184,302,185,303,186,304,187,305,188,307,190,308,191,309,192,310,194,311,195,311,197,312,198,312,200,313,202,313,203,313,205,313,207,312,208,312,210,312,212,312,213,312,215,312,217,311,218,310,220,310,222,310,223,309,225,308,226,307,228,306,229,306,231,305,232,305,234,305,236,305,237,304,239,304,240,304,242,304,244,304,245,304,247,304,249,305,250,305,252,305,254,306,255,306,256,307,257,309,259,310,260,311,261,312,263,313,264,314,265,315,266,317,267,318,268,320,268,321,268,323,269,324,270,326,271,328,271,329,271,331,271,333,272,334,272,336,273,338,273,339,274,341,274,
252,130,252,132,252,133,253,135,253,137,253,139,253,140,254,142,254,144,254,145,254,147,254,149,254,150,255,152,255,154,255,155,255,157,255,159,256,160,256,162,257,163,257,165,258,166,258,168,259,169,261,171,262,171,263,172,265,174,266,174,267,175,269,176,270,177,272,177,274,177,275,178,277,178,278,179,280,179,282,179,283,180,285,180,287,180,288,180,290,181,291,181,293,182,295,182,296,183,298,184,299,184,301,185,302,186,304,187,305,188,306,189,308,191,309,192,310,193,311,195,311,196,312,198,312,199,313,201,313,203,313,205,313,206,313,208,312,210,312,211,312,213,312,215,312,216,311,218,310,220,309,221,309,223,309,224,308,226,307,227,307,229,307,231,306,232,306,234,305,235,305,237,304,239,304,240,304,242,304,244,304,246,305,247,305,249,305,251,306,252,306,254,307,255,308,256,308,258,309,259,310,261,311,262,312,263,314,265,315,265,316,266,318,268,319,268,321,269,322,270,324,270,325,271,327,271,328,272,330,272,332,273,333,273,335,274,337,274,338,275,340,275,
254,130,254,132,254,133,253,135,253,137,253,139,254,140,254,142,254,144,254,145,254,147,254,149,254,150,255,152,255,154,255,155,255,157,256,159,256,160,256,162,257,163,257,165,258,166,260,168,261,169,262,170,263,171,264,173,265,173,267,174,268,175,270,176,271,176,273,177,274,177,276,178,278,178,279,179,281,179,283,179,284,180,286,180,287,181,289,181,291,181,293,181,294,182,296,182,297,183,299,184,300,185,302,186,303,187,305,188,306,189,307,190,308,191,310,193,310,194,311,196,312,197,312,199,313,200,313,202,313,204,314,205,314,207,314,209,313,210,313,212,312,214,312,215,312,217,311,219,310,220,310,222,309,223,308,225,308,226,307,228,307,230,306,231,306,233,305,234,305,236,305,238,304,239,304,241,304,242,304,244,304,246,305,247,305,249,305,251,306,252,306,254,306,255,308,257,308,258,309,260,310,261,311,262,313,264,314,265,315,265,317,267,318,267,319,268,321,269,322,269,324,270,325,270,327,271,328,272,330,272,332,273,333,273,335,274,337,274,338,275,340,275,
251,129,251,131,252,132,252,134,252,136,253,138,253,139,254,141,254,142,254,144,254,146,254,148,254,149,254,151,254,153,255,154,255,156,255,158,256,159,256,161,256,163,257,164,258,165,259,167,259,168,261,170,262,170,263,172,264,172,266,174,267,175,268,176,270,176,271,176,273,177,274,177,276,178,277,178,279,179,281,179,283,179,284,179,286,180,287,181,289,181,291,181,292,181,294,182,296,183,297,183,299,183,300,184,302,185,303,186,304,187,306,189,307,189,308,191,309,192,310,194,311,195,311,197,312,199,313,200,313,202,313,204,313,205,313,207,313,209,312,210,312,212,312,214,312,215,311,217,311,219,310,220,309,222,309,224,308,225,307,226,307,228,307,230,306,231,306,233,305,234,305,236,305,238,304,239,304,241,304,243,305,244,305,246,305,247,305,249,305,251,306,252,306,254,307,255,307,257,308,258,309,260,310,261,311,262,313,264,314,264,316,265,317,266,318,267,319,268,320,269,322,270,323,270,325,270,326,271,328,272,329,272,331,273,333,273,335,273,336,274,338,274,
252,128,252,130,252,131,252,133,253,135,253,137,253,138,254,140,254,142,254,143,254,145,254,147,254,149,254,150,254,152,255,154,255,155,255,157,255,159,256,160,256,162,256,164,257,165,258,166,259,168,260,169,261,170,262,171,263,172,265,173,266,174,267,175,269,176,270,176,272,177,273,177,275,177,277,178,278,178,280,179,282,179,283,179,285,180,287,180,288,181,290,181,292,181,293,181,295,182,297,182,298,183,300,184,301,185,303,186,304,187,306,188,307,189,308,190,309,191,310,193,310,195,311,196,312,198,312,200,313,201,313,203,314,204,314,206,314,208,313,209,313,211,312,213,312,214,312,216,311,218,310,219,310,221,309,222,308,224,308,226,307,227,307,229,306,230,306,232,305,233,305,235,305,237,305,238,304,240,304,241,304,243,304,245,305,247,305,248,305,250,305,252,306,253,306,255,307,256,308,257,309,259,309,260,311,261,312,262,313,263,314,265,315,266,317,267,318,268,320,268,321,269,322,270,324,270,325,271,327,272,329,272,330,273,332,273,334,274,335,274,337,275,
251,128,251,130,252,131,252,133,252,135,253,136,253,138,254,140,254,141,254,143,254,145,254,147,254,148,254,150,254,152,254,153,254,155,255,157,255,158,255,160,256,162,257,163,258,164,258,166,259,168,260,169,261,170,262,171,263,172,265,174,266,174,268,175,269,176,271,176,272,177,274,177,275,177,277,178,279,179,280,179,282,179,283,179,285,180,286,180,288,180,290,181,291,181,293,181,295,182,296,182,298,183,300,184,301,185,302,186,304,187,305,188,306,189,307,190,308,192,309,194,310,195,311,196,312,198,313,199,313,201,313,203,313,204,313,206,313,208,313,209,313,211,312,213,312,214,312,216,311,218,310,219,310,221,309,222,309,224,308,226,307,227,307,228,306,230,306,232,306,233,305,235,305,236,304,238,304,240,304,241,304,243,304,245,304,246,305,248,305,250,305,251,306,253,306,254,307,256,308,257,309,259,309,260,310,261,312,262,313,263,314,264,316,266,317,267,318,268,319,269,321,269,323,270,324,270,326,271,327,271,329,272,331,273,332,273,334,274,335,274,337,275,
252,128,252,130,252,131,253,133,253,135,253,137,253,138,254,140,254,142,254,143,254,145,254,147,254,148,254,150,254,152,254,154,254,155,255,157,255,158,256,160,256,162,257,163,257,165,257,166,259,168,260,169,261,170,262,171,264,172,265,173,266,174,268,175,269,176,271,176,272,177,274,177,275,178,277,178,279,179,280,179,282,179,284,179,285,180,287,180,288,180,290,181,292,181,293,181,295,182,297,183,298,183,300,183,301,184,303,186,304,186,306,187,307,188,308,190,309,191,310,192,311,194,312,195,313,197,313,198,313,200,313,202,313,203,314,205,314,207,314,208,313,210,313,212,313,213,312,215,312,217,311,218,311,220,310,221,310,223,309,224,308,226,307,227,307,229,306,230,306,232,305,233,305,235,305,237,305,239,304,240,304,242,304,244,304,245,305,247,305,248,305,250,305,252,306,253,307,255,308,256,309,257,309,259,310,260,311,261,313,263,313,264,315,265,316,266,317,267,319,268,320,268,322,269,323,270,325,270,327,271,328,271,330,272,331,273,333,274,334,274,336,275,
254,128,254,130,254,131,253,133,253,135,253,137,254,138,254,140,254,141,254,143,254,145,254,147,254,148,254,150,254,152,254,154,254,155,255,157,255,158,255,160,256,162,257,163,257,165,258,166,259,168,259,169,261,170,262,171,263,172,264,173,266,174,267,175,268,176,270,176,272,177,273,177,274,178,276,178,278,178,280,178,281,179,283,179,284,179,286,180,288,180,289,180,291,181,292,181,294,182,296,182,297,183,299,183,300,184,302,185,303,186,304,187,306,189,307,189,308,191,309,192,310,193,311,195,312,196,312,198,312,200,313,201,313,203,313,205,313,206,313,208,313,210,313,212,312,213,312,215,311,216,311,218,311,220,310,221,310,223,309,225,308,226,307,228,307,229,306,231,306,232,305,234,305,235,305,237,304,239,304,240,304,242,304,244,304,245,304,247,305,248,305,250,305,252,306,253,306,255,307,256,308,258,309,259,310,261,311,262,312,263,313,264,315,266,316,267,317,268,319,268,320,269,322,270,323,270,325,271,326,271,328,272,330,273,331,273,333,274,334,274,336,275,
253,127,253,129,253,130,254,132,254,134,254,136,254,137,254,139,254,141,254,142,254,144,254,146,254,148,254,149,254,151,254,153,254,154,255,156,255,158,255,159,256,161,256,163,257,164,258,165,258,167,259,168,259,169,261,170,262,171,263,172,265,174,266,175,267,175,269,176,270,176,272,176,273,177,275,178,277,178,278,178,280,179,281,179,283,179,285,179,286,180,288,180,290,181,291,181,293,181,295,182,296,182,298,183,299,184,301,185,302,186,304,187,305,188,306,189,307,190,308,191,309,193,310,194,311,196,312,198,312,199,313,201,313,202,313,204,313,206,313,208,313,209,313,211,313,213,313,214,312,216,311,218,311,219,310,221,309,222,309,224,308,225,307,227,307,229,306,230,306,232,305,233,305,235,305,237,305,238,305,240,304,242,304,243,304,245,304,247,304,248,304,250,305,252,305,253,306,255,306,256,307,258,308,258,309,260,310,261,311,263,312,264,313,264,315,266,316,267,317,268,319,269,320,269,322,270,324,270,325,271,327,272,328,272,330,273,332,273,333,274,335,274,
254,128,254,130,254,131,254,133,254,135,254,137,254,138,254,140,254,142,254,143,254,145,254,147,254,148,254,150,254,152,254,153,255,155,255,157,255,158,255,160,256,162,256,163,257,164,258,166,259,167,260,169,261,170,262,170,263,171,264,173,265,174,267,175,268,176,270,176,271,176,273,177,275,177,276,178,278,178,279,178,281,179,283,179,284,180,286,180,287,180,289,180,291,181,292,181,294,181,295,182,297,182,299,183,300,184,301,185,303,186,304,186,306,188,306,189,307,190,309,192,310,193,311,194,312,195,312,197,313,199,313,200,313,202,313,204,313,205,313,207,313,209,313,211,313,212,312,214,312,216,312,217,311,219,310,220,310,222,309,223,308,225,308,226,308,228,307,229,306,231,306,232,305,234,305,235,305,237,305,239,304,240,304,242,304,244,304,245,304,247,305,248,305,250,305,252,306,253,307,255,307,256,308,257,309,259,309,260,311,262,312,263,313,264,314,265,316,266,317,267,318,268,320,269,321,270,323,270,324,271,326,272,327,273,329,274,330,274,332,275,333,276,
254,128,254,130,254,131,254,133,254,135,254,137,254,138,255,140,255,142,255,143,254,145,254,147,254,148,254,150,254,152,254,153,254,155,254,157,255,158,256,160,256,162,256,163,257,165,258,166,259,167,260,168,261,170,262,171,263,172,264,173,266,174,267,175,268,176,270,176,272,177,273,178,275,178,276,178,278,178,280,178,281,179,283,179,284,180,286,180,288,180,289,180,291,181,293,181,294,182,296,182,297,183,299,184,301,184,302,185,303,186,305,188,306,189,307,190,308,191,309,192,310,194,311,195,312,197,313,198,313,200,313,202,313,203,313,205,314,207,314,208,314,210,313,212,313,213,313,215,312,216,311,218,311,220,310,221,310,223,309,224,308,226,307,227,307,229,306,230,306,232,305,234,305,235,305,237,305,239,304,240,304,242,304,243,304,245,304,247,304,249,305,250,305,252,305,253,306,255,307,256,308,258,309,259,310,260,310,262,311,263,313,264,314,265,315,266,316,267,318,268,319,269,321,270,322,270,324,271,325,271,327,272,329,273,330,273,332,274,333,274,335,275,
256,127,256,129,256,130,255,132,255,134,255,135,255,137,255,139,255,141,254,142,254,144,254,145,254,147,254,149,254,150,254,152,254,154,254,155,254,157,254,159,255,160,255,162,256,163,257,165,258,166,259,168,260,169,260,170,262,171,263,172,264,173,265,174,267,175,269,176,270,176,272,177,273,177,275,178,276,178,278,178,279,179,281,179,283,179,284,179,286,179,287,180,289,181,291,181,292,181,294,182,296,182,297,183,299,183,300,184,302,185,303,186,304,187,305,188,306,189,308,191,309,192,310,193,310,195,311,197,312,198,312,200,313,201,313,203,313,205,314,206,314,208,314,209,313,211,313,213,313,214,312,216,312,218,311,219,310,221,309,222,309,224,308,225,308,227,307,228,307,230,306,232,306,233,305,235,305,236,305,238,305,240,304,241,304,243,304,245,304,246,305,248,305,249,305,251,305,252,306,254,307,255,307,257,308,258,309,259,311,261,311,262,312,263,314,264,315,265,316,266,318,268,319,269,320,269,322,270,323,271,325,272,326,272,328,273,330,273,331,274,333,274,
254,129,254,131,254,132,254,134,254,136,254,137,254,139,254,141,254,142,254,144,254,146,254,147,254,149,254,151,254,152,254,154,254,156,254,158,255,159,255,161,256,162,256,163,257,165,258,166,259,167,260,168,261,170,262,171,263,172,264,173,266,174,267,175,268,175,270,176,272,176,273,177,275,178,276,178,278,178,279,179,281,179,282,179,284,180,286,180,287,180,289,180,291,181,292,181,294,182,295,182,297,182,298,183,300,184,301,185,303,185,304,186,305,187,307,189,308,190,309,191,310,192,311,194,312,195,312,197,313,198,313,200,313,202,313,203,314,205,314,206,314,208,313,210,313,211,313,213,312,215,312,216,312,218,311,219,310,221,310,222,310,224,309,225,308,227,307,228,307,230,306,231,306,233,305,234,305,236,305,238,305,239,304,241,304,242,304,244,304,246,304,247,304,249,305,251,305,252,305,254,306,255,307,257,308,257,308,258,310,260,311,261,311,262,313,264,314,265,315,266,316,267,318,268,319,269,320,269,322,270,323,271,325,272,326,273,327,274,329,275,330,276,
257,125,257,127,257,128,256,130,256,132,256,133,256,135,256,137,255,138,255,140,255,142,254,143,254,145,254,147,254,148,254,150,254,152,254,153,254,155,254,157,255,158,255,160,255,161,256,163,257,164,257,166,258,167,260,169,261,170,262,171,263,172,265,173,266,174,267,175,269,176,270,176,272,176,273,176,275,177,276,178,278,178,280,178,281,179,283,179,284,180,286,180,288,180,289,181,291,181,292,182,294,182,296,182,297,183,299,183,301,184,302,185,304,186,305,187,306,188,307,189,308,190,309,192,310,193,311,195,311,196,312,198,313,200,313,201,314,203,314,204,314,206,313,208,313,209,313,211,312,213,312,214,312,216,312,218,312,219,311,221,310,222,309,224,308,225,308,227,307,228,307,230,307,231,306,233,305,234,305,236,305,238,305,239,304,241,304,242,304,244,304,246,304,247,305,249,305,250,306,252,306,254,307,255,307,256,308,258,309,259,310,261,311,262,312,263,313,264,315,265,316,266,317,267,319,269,320,270,321,271,323,272,324,272,326,273,327,274,329,275,330,276,
257,125,257,127,257,128,256,130,256,132,256,134,256,135,256,137,255,139,255,140,255,142,255,143,254,145,254,147,254,148,254,150,254,152,254,154,254,155,254,157,255,158,255,160,256,162,256,163,256,165,257,166,258,167,259,168,260,169,262,171,263,172,264,173,265,174,267,175,268,175,270,176,271,176,273,177,275,177,276,178,278,178,279,179,281,179,283,179,284,180,286,180,287,180,289,180,291,180,292,181,294,182,296,182,297,183,299,184,300,184,302,185,303,186,305,187,306,188,307,189,308,190,309,192,310,193,311,194,312,196,313,198,313,199,313,201,313,203,313,204,314,206,314,208,314,209,313,211,312,212,312,214,312,216,311,217,311,219,311,221,310,222,309,224,308,225,307,227,307,228,307,230,306,231,306,233,306,235,305,236,305,238,305,239,304,241,304,243,304,244,304,246,305,247,305,249,305,250,306,252,306,254,306,255,307,257,308,258,309,259,310,260,312,262,313,263,313,264,315,266,316,267,317,268,319,268,320,269,321,270,323,271,325,271,326,272,328,273,329,273,331,274,
257,125,257,127,257,128,256,130,256,132,256,133,256,135,256,137,256,139,255,140,255,142,255,143,254,145,254,146,254,148,254,150,253,151,253,153,253,155,254,156,255,157,255,159,255,161,255,162,256,163,257,165,258,166,259,168,260,169,261,170,262,171,263,172,265,173,266,174,267,175,269,176,270,176,272,177,273,177,275,177,276,178,278,178,280,179,281,179,283,179,285,179,286,180,288,180,289,181,291,181,293,181,294,182,296,182,297,183,299,184,300,184,302,185,304,186,305,187,306,188,307,189,308,190,310,192,311,193,312,194,312,196,312,198,312,199,312,201,313,203,313,204,314,206,314,208,313,209,313,211,312,212,312,214,312,216,312,217,311,219,311,220,310,222,309,224,308,225,308,227,308,228,307,229,307,231,306,233,306,234,306,236,306,238,305,239,305,241,305,242,305,244,305,246,305,248,305,249,306,251,306,252,306,254,307,256,308,257,308,258,310,260,311,261,311,262,312,263,314,265,315,266,316,266,318,268,319,269,320,270,322,271,323,272,325,273,326,273,328,274,329,275,
261,125,260,127,259,128,259,130,258,131,257,133,257,134,257,136,256,137,256,139,255,140,255,142,254,143,254,145,253,147,253,148,253,150,253,152,253,153,253,155,254,157,254,158,255,160,255,161,255,163,256,164,257,166,258,167,259,168,260,169,261,170,262,171,263,172,264,173,266,174,267,175,268,176,270,176,272,177,273,177,275,178,276,178,278,178,279,179,281,179,283,179,284,179,286,180,288,180,289,181,291,181,292,181,294,182,296,182,297,183,299,183,300,184,302,185,303,185,305,187,306,188,307,189,308,191,309,192,310,193,311,194,311,196,312,198,312,199,313,201,314,202,314,204,314,206,314,207,313,209,313,211,313,212,312,214,312,215,312,217,311,219,311,220,310,222,309,223,309,225,308,226,307,228,307,229,306,231,306,232,306,234,306,236,306,237,305,239,305,240,305,242,305,244,305,246,305,247,305,249,305,251,306,252,306,254,307,255,307,256,308,258,309,259,310,260,311,262,311,263,313,265,314,266,315,267,317,268,318,269,319,269,321,270,322,271,324,271,325,272,327,273,
257,123,257,125,257,126,257,128,257,130,257,131,257,133,256,135,256,136,255,138,255,140,255,141,254,143,254,144,254,146,254,147,253,149,253,151,253,152,253,154,253,156,253,157,254,159,254,160,255,162,256,163,256,164,258,166,258,167,259,168,261,170,262,171,263,172,264,173,266,174,267,175,268,176,270,176,271,176,273,177,274,177,276,178,278,178,279,178,281,179,282,179,284,179,285,180,287,180,289,180,290,181,292,181,293,181,295,182,296,183,298,183,300,184,301,185,303,186,304,187,305,188,306,189,308,190,309,191,310,192,311,194,311,195,312,197,313,199,313,200,313,202,313,203,314,205,314,207,314,208,313,210,313,212,313,213,312,215,312,216,312,218,311,219,310,221,309,222,309,224,308,226,308,227,307,229,306,230,306,232,306,233,306,235,306,237,306,238,305,240,305,242,305,243,305,245,305,247,306,248,306,250,306,251,306,253,307,254,307,256,308,257,309,259,310,260,311,261,312,263,313,264,314,265,315,266,316,267,318,269,319,269,321,270,322,270,324,271,325,271,327,272,
257,123,257,125,257,126,257,128,257,130,257,131,257,133,257,135,257,136,256,138,255,140,255,141,254,143,254,144,254,146,253,147,253,149,253,151,253,152,253,154,253,156,254,157,255,159,255,160,256,162,256,163,256,165,257,166,258,167,259,168,260,169,261,170,263,172,264,172,265,173,267,175,268,175,270,176,271,176,272,177,274,177,275,178,277,178,278,178,280,179,281,179,283,179,284,180,286,180,288,180,289,181,291,181,292,181,294,181,295,182,297,183,299,184,300,184,302,185,303,185,305,186,306,187,307,188,308,190,309,191,310,193,311,194,311,196,312,197,313,199,313,200,313,202,314,204,314,205,314,207,313,208,313,210,313,212,312,213,312,215,312,217,312,218,311,220,310,221,309,223,309,224,308,226,308,227,307,229,307,230,306,232,305,233,305,235,305,236,305,238,304,240,304,241,304,243,304,245,304,246,304,248,305,249,305,251,305,253,306,254,307,256,307,257,308,259,309,260,310,261,311,262,312,264,313,265,314,265,315,267,316,268,317,269,318,271,319,272,320,274,321,275,
258,122,258,124,258,125,257,127,257,129,257,130,257,132,257,134,257,135,256,137,255,138,255,140,254,141,254,143,254,145,253,146,253,148,253,149,253,151,253,153,254,154,254,156,254,158,255,159,255,161,255,162,256,163,257,164,258,166,259,167,259,168,260,170,261,171,262,172,264,173,265,173,267,175,268,176,269,176,271,176,272,177,274,177,275,178,277,178,279,179,280,179,282,179,283,179,285,179,286,180,288,180,290,181,291,181,293,181,295,181,296,182,298,183,299,183,301,184,302,185,304,186,305,187,306,188,307,189,308,191,309,192,310,193,311,195,312,196,312,198,312,200,313,201,313,203,314,204,314,206,314,208,313,209,313,211,313,213,312,214,312,216,312,217,311,219,311,221,310,222,309,224,308,225,308,227,307,228,307,230,306,231,306,232,305,234,305,236,305,237,305,239,304,240,304,242,304,244,304,246,304,247,305,249,305,250,305,252,306,253,306,255,307,256,308,258,309,259,310,260,311,262,312,263,312,264,314,266,315,267,316,268,317,269,318,270,320,272,321,273,322,274,
257,122,257,124,257,125,257,127,257,129,257,130,257,132,256,134,256,135,256,137,256,139,255,140,255,142,254,143,254,145,254,147,253,148,253,150,253,152,253,153,254,155,254,157,254,158,255,160,255,161,256,162,256,164,257,165,259,167,259,168,260,169,261,170,263,172,264,173,265,173,267,175,268,175,269,176,271,176,272,177,274,177,275,178,277,178,279,178,280,179,282,179,284,179,285,180,287,180,288,180,290,181,292,181,293,182,295,182,297,182,298,183,300,183,301,184,303,185,304,186,305,187,306,188,308,190,309,191,310,192,311,194,311,195,312,197,312,198,313,200,314,201,314,203,314,205,314,206,314,208,313,210,313,211,313,213,312,215,312,216,311,218,310,219,310,221,310,223,309,224,308,226,308,227,307,229,306,230,306,232,306,233,305,235,305,236,305,238,305,240,304,241,304,243,304,245,304,246,305,248,305,249,305,251,306,253,306,254,307,256,307,257,308,258,309,260,310,261,311,262,312,264,313,265,314,266,316,267,317,268,318,269,320,270,321,271,322,272,324,273,325,274,
258,120,258,122,258,123,258,125,258,127,258,129,258,130,258,132,257,134,257,135,256,137,256,138,255,140,255,142,255,143,254,145,254,146,254,148,254,150,254,151,254,153,254,155,254,157,254,158,255,160,255,161,255,163,256,164,257,165,259,167,259,168,260,169,262,171,263,172,264,173,266,174,267,175,268,175,270,176,271,176,273,177,274,177,276,178,277,178,279,178,280,179,282,179,284,179,285,180,287,180,288,181,290,181,292,181,293,182,295,182,296,183,298,183,300,184,301,185,303,185,304,186,305,187,307,189,307,190,309,192,310,193,311,194,311,196,312,197,313,199,313,200,314,202,314,204,314,205,314,207,314,209,313,210,313,212,313,214,312,215,312,217,311,218,311,220,311,222,310,223,309,225,308,226,307,228,307,229,306,231,306,232,305,234,305,235,305,237,305,239,304,240,304,242,304,244,304,245,304,247,304,248,305,250,305,252,306,253,306,255,307,256,308,258,308,259,309,260,310,261,312,263,312,264,313,265,315,267,316,268,317,269,319,270,320,271,321,272,323,273,324,274,
256,121,256,123,256,124,257,126,257,128,257,129,257,131,257,133,257,134,257,136,256,138,256,139,256,141,255,143,254,144,254,146,254,147,254,149,254,151,254,152,254,154,254,156,254,158,254,159,255,160,255,162,256,163,257,165,258,166,258,167,260,168,261,169,262,171,263,172,264,173,265,174,267,175,268,176,270,176,272,176,273,177,275,177,276,178,278,178,279,179,281,179,283,179,284,180,286,180,288,180,289,181,291,181,292,181,294,182,296,182,297,183,299,184,300,184,302,185,303,186,305,187,306,188,307,189,308,191,309,192,310,193,311,195,312,196,312,198,313,199,313,201,314,202,314,204,314,206,314,207,313,209,313,211,313,212,313,214,312,215,312,217,311,219,310,220,310,222,309,223,309,225,308,226,307,228,307,229,306,231,306,232,306,234,305,235,305,237,304,238,304,240,304,242,304,243,304,245,304,247,305,248,305,250,305,252,306,253,306,255,306,256,308,258,309,259,310,260,311,262,311,263,312,264,313,265,315,267,316,268,317,269,318,270,319,271,321,273,322,274,323,275,
260,119,260,121,260,122,259,124,259,126,259,128,258,129,258,131,258,132,258,134,257,136,256,137,256,139,255,140,255,142,255,144,254,145,254,147,254,149,254,150,254,152,254,154,254,156,254,157,254,159,255,160,255,162,256,163,257,165,258,166,259,168,260,169,261,170,262,171,263,172,265,173,266,174,267,175,269,176,271,176,272,177,274,177,275,178,277,178,278,178,280,179,282,179,283,180,285,180,287,180,288,181,290,181,291,181,293,181,295,182,296,183,298,183,299,184,301,185,303,185,304,186,305,187,307,188,308,189,309,190,310,192,310,194,311,195,312,197,312,198,313,200,314,202,314,203,314,205,314,207,314,208,313,210,313,212,313,213,312,215,312,217,312,218,311,220,310,221,309,223,308,224,308,226,308,227,307,229,307,231,306,232,306,234,305,235,305,237,305,239,305,240,304,242,304,243,304,245,304,247,305,248,305,250,305,252,306,253,306,255,307,256,307,258,308,259,309,260,310,262,310,263,312,265,313,266,314,267,315,268,317,269,318,270,320,271,321,272,323,273,324,274,
